{
 "type": "FeatureCollection",
 "features": [
  {
   "type": "Feature",
   "properties": {
    "osm_id": 25688667,
    "nom": null,
    "type": "footway",
    "sac_scale": null,
    "surface": "concrete",
    "acces": null,
    "velo": null
   },
   "geometry": {
    "type": "LineString",
    "coordinates": [
     [
      6.2028052,
      43.0021972
     ],
     [
      6.2028092,
      43.0021628
     ],
     [
      6.2028203,
      43.0020663
     ],
     [
      6.2028216,
      43.0020527
     ],
     [
      6.2028368,
      43.0018998
     ],
     [
      6.202824,
      43.0018773
     ],
     [
      6.2027143,
      43.0016828
     ],
     [
      6.2026605,
      43.0015865
     ],
     [
      6.2027789,
      43.0015483
     ],
     [
      6.2026912,
      43.0013979
     ],
     [
      6.2026349,
      43.0013669
     ],
     [
      6.2024776,
      43.0013345
     ],
     [
      6.2020881,
      43.0011826
     ],
     [
      6.2020993,
      43.0011527
     ]
    ]
   }
  },
  {
   "type": "Feature",
   "properties": {
    "osm_id": 25707846,
    "nom": "Chemin du Lequin",
    "type": "track",
    "sac_scale": null,
    "surface": null,
    "acces": null,
    "velo": null
   },
   "geometry": {
    "type": "LineString",
    "coordinates": [
     [
      6.2194853,
      43.0092135
     ],
     [
      6.2194126,
      43.0093524
     ],
     [
      6.21934,
      43.009735
     ],
     [
      6.2193258,
      43.010051
     ],
     [
      6.2193909,
      43.0102371
     ],
     [
      6.2193197,
      43.0103723
     ],
     [
      6.2191224,
      43.0104604
     ],
     [
      6.2188729,
      43.0105899
     ],
     [
      6.2185553,
      43.0108528
     ],
     [
      6.2183729,
      43.0109941
     ],
     [
      6.2182497,
      43.0111153
     ],
     [
      6.2180206,
      43.011206
     ],
     [
      6.2177345,
      43.0113196
     ],
     [
      6.2176211,
      43.0114071
     ],
     [
      6.217577,
      43.0114979
     ],
     [
      6.2175902,
      43.0115353
     ],
     [
      6.2177374,
      43.011771
     ],
     [
      6.2177643,
      43.0119052
     ],
     [
      6.2177324,
      43.0120014
     ]
    ]
   }
  },
  {
   "type": "Feature",
   "properties": {
    "osm_id": 25709122,
    "nom": null,
    "type": "track",
    "sac_scale": null,
    "surface": null,
    "acces": null,
    "velo": null
   },
   "geometry": {
    "type": "LineString",
    "coordinates": [
     [
      6.2383717,
      43.0092166
     ],
     [
      6.2387606,
      43.0094576
     ],
     [
      6.2392917,
      43.0098852
     ],
     [
      6.2398496,
      43.0102775
     ],
     [
      6.240032,
      43.0106619
     ],
     [
      6.2401392,
      43.0111797
     ],
     [
      6.2406435,
      43.011972
     ],
     [
      6.2410941,
      43.0128271
     ],
     [
      6.241298,
      43.0129683
     ],
     [
      6.2415018,
      43.012984
     ],
     [
      6.2416735,
      43.0127408
     ],
     [
      6.2418705,
      43.0124867
     ],
     [
      6.2422743,
      43.0122858
     ],
     [
      6.2426015,
      43.0121544
     ],
     [
      6.2429475,
      43.012125
     ],
     [
      6.2431326,
      43.0121211
     ],
     [
      6.2432411,
      43.0120258
     ],
     [
      6.2431701,
      43.0118798
     ],
     [
      6.2431821,
      43.011716
     ],
     [
      6.2432801,
      43.0116229
     ],
     [
      6.243618,
      43.011415
     ],
     [
      6.2439533,
      43.0111542
     ],
     [
      6.2440613,
      43.0111439
     ],
     [
      6.2444267,
      43.0112256
     ],
     [
      6.2446301,
      43.0112145
     ],
     [
      6.2447427,
      43.0111282
     ],
     [
      6.2448183,
      43.0109471
     ],
     [
      6.2449082,
      43.0108266
     ],
     [
      6.2450082,
      43.0107654
     ],
     [
      6.2452199,
      43.0107764
     ],
     [
      6.2453383,
      43.0107384
     ],
     [
      6.245403,
      43.0107177
     ],
     [
      6.2456305,
      43.0108085
     ],
     [
      6.2458236,
      43.0110125
     ],
     [
      6.2459953,
      43.0112008
     ],
     [
      6.2460427,
      43.0114276
     ],
     [
      6.2461473,
      43.0115434
     ],
     [
      6.2462707,
      43.0116002
     ],
     [
      6.2465478,
      43.011648
     ],
     [
      6.2468643,
      43.0116205
     ],
     [
      6.2472344,
      43.0115695
     ],
     [
      6.2477934,
      43.0115912
     ],
     [
      6.2478511,
      43.0115625
     ],
     [
      6.2478439,
      43.0115133
     ],
     [
      6.2475598,
      43.0113828
     ],
     [
      6.247331,
      43.0112675
     ],
     [
      6.2473095,
      43.0112047
     ],
     [
      6.2474222,
      43.0111655
     ],
     [
      6.2479104,
      43.0111733
     ],
     [
      6.2482367,
      43.0112139
     ],
     [
      6.2484607,
      43.0112315
     ],
     [
      6.2487272,
      43.0113145
     ],
     [
      6.2487814,
      43.0113305
     ],
     [
      6.2488641,
      43.0113487
     ],
     [
      6.2489036,
      43.0113505
     ],
     [
      6.2489833,
      43.0113447
     ],
     [
      6.249048,
      43.0113445
     ],
     [
      6.2491081,
      43.0113469
     ],
     [
      6.2492612,
      43.0113673
     ]
    ]
   }
  },
  {
   "type": "Feature",
   "properties": {
    "osm_id": 25748043,
    "nom": null,
    "type": "path",
    "sac_scale": "hiking",
    "surface": null,
    "acces": "private",
    "velo": "no"
   },
   "geometry": {
    "type": "LineString",
    "coordinates": [
     [
      6.2187868,
      42.992715
     ],
     [
      6.2187916,
      42.9926018
     ],
     [
      6.2187941,
      42.9925399
     ],
     [
      6.2188075,
      42.9924149
     ],
     [
      6.2190539,
      42.9922078
     ],
     [
      6.2191191,
      42.9921422
     ],
     [
      6.2190909,
      42.9920467
     ],
     [
      6.2189963,
      42.9919971
     ],
     [
      6.2189432,
      42.9919386
     ],
     [
      6.218952,
      42.9918699
     ],
     [
      6.2190463,
      42.9917882
     ],
     [
      6.2191603,
      42.9917293
     ],
     [
      6.2193601,
      42.9915979
     ],
     [
      6.2195425,
      42.99149
     ],
     [
      6.2197168,
      42.9914242
     ],
     [
      6.2198145,
      42.9913288
     ],
     [
      6.2199381,
      42.9911712
     ],
     [
      6.2199782,
      42.991057
     ],
     [
      6.2199797,
      42.990924
     ],
     [
      6.2199408,
      42.9907336
     ],
     [
      6.2199354,
      42.9905963
     ],
     [
      6.2199415,
      42.9904259
     ],
     [
      6.2201178,
      42.9904756
     ]
    ]
   }
  },
  {
   "type": "Feature",
   "properties": {
    "osm_id": 25748044,
    "nom": null,
    "type": "path",
    "sac_scale": null,
    "surface": null,
    "acces": null,
    "velo": "yes"
   },
   "geometry": {
    "type": "LineString",
    "coordinates": [
     [
      6.2049871,
      42.9832175
     ],
     [
      6.2050244,
      42.9835607
     ],
     [
      6.2050545,
      42.9842717
     ],
     [
      6.2050574,
      42.9843721
     ],
     [
      6.2048882,
      42.9847073
     ],
     [
      6.2048965,
      42.9848449
     ],
     [
      6.2052184,
      42.9849901
     ],
     [
      6.2057719,
      42.9850789
     ]
    ]
   }
  },
  {
   "type": "Feature",
   "properties": {
    "osm_id": 25748045,
    "nom": "Chemin de la Calanque de l'Indienne",
    "type": "track",
    "sac_scale": null,
    "surface": null,
    "acces": null,
    "velo": "yes"
   },
   "geometry": {
    "type": "LineString",
    "coordinates": [
     [
      6.2067103,
      42.9860806
     ],
     [
      6.2068738,
      42.9860498
     ],
     [
      6.2071344,
      42.9859442
     ],
     [
      6.2072927,
      42.9858735
     ],
     [
      6.2073919,
      42.9857931
     ],
     [
      6.2075233,
      42.9857382
     ],
     [
      6.2076655,
      42.9857382
     ],
     [
      6.2078157,
      42.985744
     ],
     [
      6.2080145,
      42.9857642
     ],
     [
      6.2081537,
      42.9857755
     ],
     [
      6.2083039,
      42.9857911
     ]
    ]
   }
  },
  {
   "type": "Feature",
   "properties": {
    "osm_id": 25777264,
    "nom": null,
    "type": "track",
    "sac_scale": null,
    "surface": "compacted",
    "acces": null,
    "velo": null
   },
   "geometry": {
    "type": "LineString",
    "coordinates": [
     [
      6.2076142,
      42.9979848
     ],
     [
      6.2078457,
      42.9981235
     ],
     [
      6.2080147,
      42.9981987
     ]
    ]
   }
  },
  {
   "type": "Feature",
   "properties": {
    "osm_id": 25777269,
    "nom": null,
    "type": "path",
    "sac_scale": "hiking",
    "surface": null,
    "acces": null,
    "velo": null
   },
   "geometry": {
    "type": "LineString",
    "coordinates": [
     [
      6.2191246,
      43.0088433
     ],
     [
      6.2188499,
      43.0089735
     ],
     [
      6.2186085,
      43.0090755
     ],
     [
      6.2183445,
      43.0091742
     ],
     [
      6.2181731,
      43.0092851
     ],
     [
      6.2178899,
      43.0094609
     ]
    ]
   }
  },
  {
   "type": "Feature",
   "properties": {
    "osm_id": 25777270,
    "nom": "Chemin de la Plage l'Alycastre",
    "type": "track",
    "sac_scale": null,
    "surface": "ground",
    "acces": null,
    "velo": null
   },
   "geometry": {
    "type": "LineString",
    "coordinates": [
     [
      6.2208991,
      43.0104113
     ],
     [
      6.2209233,
      43.0104859
     ],
     [
      6.2209882,
      43.0105578
     ],
     [
      6.221078,
      43.0106098
     ],
     [
      6.2212886,
      43.0106373
     ],
     [
      6.2218064,
      43.0109433
     ],
     [
      6.2221958,
      43.0113334
     ],
     [
      6.2224056,
      43.011452
     ]
    ]
   }
  },
  {
   "type": "Feature",
   "properties": {
    "osm_id": 39024017,
    "nom": null,
    "type": "track",
    "sac_scale": null,
    "surface": "compacted",
    "acces": null,
    "velo": null
   },
   "geometry": {
    "type": "LineString",
    "coordinates": [
     [
      6.1960924,
      42.9965488
     ],
     [
      6.1961449,
      42.9968592
     ],
     [
      6.1960916,
      42.9969124
     ],
     [
      6.1956655,
      42.9969507
     ]
    ]
   }
  },
  {
   "type": "Feature",
   "properties": {
    "osm_id": 45479488,
    "nom": null,
    "type": "path",
    "sac_scale": "hiking",
    "surface": "dirt",
    "acces": null,
    "velo": null
   },
   "geometry": {
    "type": "LineString",
    "coordinates": [
     [
      6.1920945,
      43.0021954
     ],
     [
      6.192106,
      43.002512
     ],
     [
      6.1920765,
      43.0027082
     ],
     [
      6.1919424,
      43.0028906
     ],
     [
      6.1918487,
      43.0030142
     ],
     [
      6.1919021,
      43.0031378
     ],
     [
      6.1922398,
      43.0034456
     ],
     [
      6.19231,
      43.0036406
     ],
     [
      6.1923434,
      43.0038242
     ],
     [
      6.1924415,
      43.0039065
     ],
     [
      6.1924361,
      43.0040516
     ],
     [
      6.1923289,
      43.0044046
     ],
     [
      6.1922897,
      43.0046906
     ]
    ]
   }
  },
  {
   "type": "Feature",
   "properties": {
    "osm_id": 45479489,
    "nom": null,
    "type": "track",
    "sac_scale": null,
    "surface": "compacted",
    "acces": null,
    "velo": null
   },
   "geometry": {
    "type": "LineString",
    "coordinates": [
     [
      6.1910523,
      43.00243
     ],
     [
      6.1910599,
      43.0026311
     ],
     [
      6.1910251,
      43.002837
     ],
     [
      6.1909871,
      43.0028831
     ],
     [
      6.1908319,
      43.0029724
     ],
     [
      6.1906173,
      43.0030587
     ],
     [
      6.1903625,
      43.0031549
     ],
     [
      6.1902064,
      43.0032588
     ]
    ]
   }
  },
  {
   "type": "Feature",
   "properties": {
    "osm_id": 45493648,
    "nom": null,
    "type": "path",
    "sac_scale": null,
    "surface": "compacted",
    "acces": "permissive",
    "velo": null
   },
   "geometry": {
    "type": "LineString",
    "coordinates": [
     [
      6.2050625,
      43.0023423
     ],
     [
      6.204915,
      43.002307
     ],
     [
      6.2047582,
      43.0023011
     ],
     [
      6.2045015,
      43.0023414
     ],
     [
      6.2043128,
      43.0023106
     ],
     [
      6.2041669,
      43.00223
     ],
     [
      6.204094,
      43.0021186
     ],
     [
      6.204022,
      43.0019712
     ],
     [
      6.2039738,
      43.001773
     ],
     [
      6.203967,
      43.0016275
     ],
     [
      6.2039837,
      43.0015282
     ],
     [
      6.2041471,
      43.0013084
     ],
     [
      6.2042014,
      43.0012737
     ],
     [
      6.204476,
      43.0011797
     ],
     [
      6.2045494,
      43.0010538
     ],
     [
      6.2045197,
      43.0009551
     ],
     [
      6.2044772,
      43.000924
     ],
     [
      6.2043416,
      43.00092
     ]
    ]
   }
  },
  {
   "type": "Feature",
   "properties": {
    "osm_id": 45493650,
    "nom": null,
    "type": "track",
    "sac_scale": null,
    "surface": "compacted",
    "acces": null,
    "velo": null
   },
   "geometry": {
    "type": "LineString",
    "coordinates": [
     [
      6.2086343,
      42.9972919
     ],
     [
      6.208986,
      42.9970405
     ],
     [
      6.2091764,
      42.9968619
     ],
     [
      6.2093469,
      42.9968004
     ],
     [
      6.2095304,
      42.9967652
     ],
     [
      6.2096324,
      42.9966736
     ],
     [
      6.2096378,
      42.9965618
     ],
     [
      6.2097772,
      42.9964755
     ],
     [
      6.2099394,
      42.996422
     ],
     [
      6.2100597,
      42.9964022
     ],
     [
      6.2101554,
      42.9963283
     ],
     [
      6.2102146,
      42.9962328
     ],
     [
      6.2103888,
      42.9961322
     ],
     [
      6.2106355,
      42.9959242
     ],
     [
      6.2107294,
      42.9957535
     ],
     [
      6.2106758,
      42.9954691
     ],
     [
      6.2105417,
      42.9950395
     ],
     [
      6.2105792,
      42.9948217
     ],
     [
      6.2107536,
      42.9944019
     ],
     [
      6.2109013,
      42.9941768
     ],
     [
      6.2110944,
      42.99391
     ],
     [
      6.2114162,
      42.9934851
     ],
     [
      6.2115245,
      42.9933619
     ],
     [
      6.2118584,
      42.9931199
     ],
     [
      6.2121381,
      42.9929307
     ],
     [
      6.2122554,
      42.9928009
     ],
     [
      6.2122313,
      42.9925127
     ],
     [
      6.2122584,
      42.9923037
     ],
     [
      6.2122975,
      42.9922135
     ],
     [
      6.2124208,
      42.9921255
     ],
     [
      6.2127306,
      42.9919803
     ],
     [
      6.2131427,
      42.9918967
     ],
     [
      6.2133224,
      42.991833
     ],
     [
      6.2133963,
      42.9917889
     ],
     [
      6.2136109,
      42.9917301
     ],
     [
      6.2138469,
      42.9916869
     ],
     [
      6.2141634,
      42.9916045
     ],
     [
      6.2143067,
      42.9915535
     ],
     [
      6.2145844,
      42.991421
     ]
    ]
   }
  },
  {
   "type": "Feature",
   "properties": {
    "osm_id": 45500336,
    "nom": null,
    "type": "path",
    "sac_scale": "hiking",
    "surface": null,
    "acces": null,
    "velo": null
   },
   "geometry": {
    "type": "LineString",
    "coordinates": [
     [
      6.2027616,
      42.9835377
     ],
     [
      6.202531,
      42.9835122
     ],
     [
      6.2020593,
      42.9835667
     ],
     [
      6.2019521,
      42.9835353
     ],
     [
      6.2018139,
      42.9834784
     ],
     [
      6.2016959,
      42.9833881
     ],
     [
      6.201535,
      42.9833136
     ],
     [
      6.201379,
      42.9831669
     ],
     [
      6.2012878,
      42.9830727
     ],
     [
      6.2011805,
      42.9830354
     ],
     [
      6.201038,
      42.9830484
     ],
     [
      6.2008636,
      42.9832328
     ],
     [
      6.200607,
      42.9833881
     ],
     [
      6.2004943,
      42.9834313
     ],
     [
      6.2003119,
      42.9835019
     ],
     [
      6.2002046,
      42.9835765
     ],
     [
      6.2001188,
      42.9836432
     ],
     [
      6.2000437,
      42.983706
     ],
     [
      6.1999417,
      42.983808
     ],
     [
      6.1998613,
      42.9838944
     ],
     [
      6.1997057,
      42.9840003
     ],
     [
      6.1995619,
      42.9840694
     ],
     [
      6.1993941,
      42.9841597
     ],
     [
      6.1991884,
      42.9843094
     ],
     [
      6.19915,
      42.9843854
     ],
     [
      6.1991103,
      42.9844693
     ],
     [
      6.1991532,
      42.984587
     ],
     [
      6.1992439,
      42.9847033
     ]
    ]
   }
  },
  {
   "type": "Feature",
   "properties": {
    "osm_id": 45540382,
    "nom": "Chemin des Falaises",
    "type": "path",
    "sac_scale": "mountain_hiking",
    "surface": null,
    "acces": null,
    "velo": null
   },
   "geometry": {
    "type": "LineString",
    "coordinates": [
     [
      6.2382125,
      42.9987632
     ],
     [
      6.2380988,
      42.998766
     ],
     [
      6.2380116,
      42.9987694
     ],
     [
      6.2379021,
      42.9987695
     ],
     [
      6.237768,
      42.998742
     ],
     [
      6.2376285,
      42.998742
     ],
     [
      6.2372584,
      42.9987224
     ],
     [
      6.2368989,
      42.998589
     ],
     [
      6.2367448,
      42.9985838
     ],
     [
      6.2365583,
      42.9985322
     ],
     [
      6.2365529,
      42.9983909
     ],
     [
      6.2365422,
      42.9983085
     ],
     [
      6.2364402,
      42.9981947
     ],
     [
      6.2363766,
      42.9981279
     ],
     [
      6.2362853,
      42.9981224
     ],
     [
      6.2360353,
      42.9980123
     ],
     [
      6.2358958,
      42.9980319
     ],
     [
      6.2355937,
      42.9981431
     ],
     [
      6.2352208,
      42.9982157
     ],
     [
      6.2345654,
      42.9982217
     ],
     [
      6.2343035,
      42.9982098
     ],
     [
      6.233987,
      42.9981804
     ],
     [
      6.2338931,
      42.9981431
     ],
     [
      6.2337215,
      42.9980372
     ],
     [
      6.2335827,
      42.9978914
     ],
     [
      6.2335676,
      42.9978279
     ],
     [
      6.2335408,
      42.9977965
     ],
     [
      6.2334603,
      42.9978043
     ],
     [
      6.2333423,
      42.9977808
     ],
     [
      6.2332387,
      42.9977253
     ],
     [
      6.2331207,
      42.9976507
     ],
     [
      6.2330348,
      42.997586
     ],
     [
      6.2328649,
      42.997514
     ],
     [
      6.2323884,
      42.9973231
     ],
     [
      6.2321229,
      42.9972015
     ],
     [
      6.2317769,
      42.997074
     ],
     [
      6.2314255,
      42.9969288
     ],
     [
      6.2309896,
      42.9968487
     ],
     [
      6.2308657,
      42.9968041
     ],
     [
      6.2307357,
      42.996802
     ],
     [
      6.2306722,
      42.9967407
     ],
     [
      6.2304065,
      42.9966858
     ],
     [
      6.2302353,
      42.996628
     ],
     [
      6.2299413,
      42.9965527
     ],
     [
      6.229834,
      42.996439
     ],
     [
      6.229598,
      42.9961251
     ],
     [
      6.229319,
      42.9959171
     ],
     [
      6.2292117,
      42.9957523
     ],
     [
      6.2291315,
      42.9952284
     ],
     [
      6.2291178,
      42.9950657
     ],
     [
      6.2290026,
      42.9950029
     ],
     [
      6.2286136,
      42.9950716
     ],
     [
      6.2284634,
      42.9951471
     ],
     [
      6.2283509,
      42.9951597
     ],
     [
      6.2282288,
      42.9951508
     ],
     [
      6.2280245,
      42.9951221
     ],
     [
      6.2278514,
      42.9951338
     ],
     [
      6.2277294,
      42.9949072
     ],
     [
      6.2276302,
      42.994814
     ],
     [
      6.2275148,
      42.9947179
     ],
     [
      6.2274907,
      42.9945786
     ],
     [
      6.2274156,
      42.9945021
     ],
     [
      6.2272913,
      42.9944183
     ],
     [
      6.2266744,
      42.994179
     ],
     [
      6.2262184,
      42.9941005
     ],
     [
      6.2256588,
      42.9940842
     ],
     [
      6.2253435,
      42.9940637
     ],
     [
      6.2252046,
      42.994059
     ],
     [
      6.2249587,
      42.9941441
     ],
     [
      6.2247213,
      42.9942176
     ],
     [
      6.2245725,
      42.9943109
     ],
     [
      6.2245126,
      42.9943132
     ],
     [
      6.2245044,
      42.9942447
     ],
     [
      6.224602,
      42.9940528
     ],
     [
      6.2245886,
      42.9939489
     ],
     [
      6.2246046,
      42.9938586
     ],
     [
      6.224543,
      42.9938331
     ],
     [
      6.224382,
      42.9938469
     ],
     [
      6.2240548,
      42.9940212
     ],
     [
      6.2237728,
      42.9941512
     ],
     [
      6.2233655,
      42.9943177
     ],
     [
      6.223234,
      42.9943452
     ],
     [
      6.2232421,
      42.9942863
     ],
     [
      6.2233279,
      42.9941411
     ],
     [
      6.2234754,
      42.9939057
     ],
     [
      6.2236323,
      42.9937331
     ],
     [
      6.223678,
      42.9935301
     ],
     [
      6.2237329,
      42.9933937
     ],
     [
      6.2237035,
      42.9933721
     ],
     [
      6.2236337,
      42.9933888
     ],
     [
      6.2235827,
      42.9934172
     ]
    ]
   }
  },
  {
   "type": "Feature",
   "properties": {
    "osm_id": 45540409,
    "nom": "Sentier de la Galère",
    "type": "path",
    "sac_scale": "mountain_hiking",
    "surface": null,
    "acces": null,
    "velo": null
   },
   "geometry": {
    "type": "LineString",
    "coordinates": [
     [
      6.2509806,
      43.0042117
     ],
     [
      6.2508314,
      43.0042531
     ],
     [
      6.25064,
      43.004309
     ],
     [
      6.250467,
      43.004427
     ],
     [
      6.2502362,
      43.0046614
     ],
     [
      6.2499355,
      43.0042498
     ],
     [
      6.249832,
      43.004231
     ],
     [
      6.2496558,
      43.0042177
     ],
     [
      6.249191,
      43.003957
     ],
     [
      6.2490491,
      43.0038661
     ],
     [
      6.2486619,
      43.0040999
     ],
     [
      6.2482917,
      43.0041195
     ],
     [
      6.2479706,
      43.0042622
     ],
     [
      6.247829,
      43.004266
     ],
     [
      6.247611,
      43.004287
     ],
     [
      6.247459,
      43.004318
     ],
     [
      6.247374,
      43.004352
     ],
     [
      6.247272,
      43.004416
     ],
     [
      6.246814,
      43.004845
     ],
     [
      6.24646,
      43.005073
     ],
     [
      6.246325,
      43.005146
     ],
     [
      6.246173,
      43.005201
     ],
     [
      6.2454741,
      43.0053709
     ]
    ]
   }
  },
  {
   "type": "Feature",
   "properties": {
    "osm_id": 45540444,
    "nom": "Piste du Mont Sarranier",
    "type": "path",
    "sac_scale": "mountain_hiking",
    "surface": null,
    "acces": null,
    "velo": null
   },
   "geometry": {
    "type": "LineString",
    "coordinates": [
     [
      6.234627,
      43.0051454
     ],
     [
      6.2350752,
      43.0045972
     ],
     [
      6.2352843,
      43.0035896
     ],
     [
      6.2352712,
      43.0034305
     ],
     [
      6.2349036,
      43.003232
     ],
     [
      6.2348129,
      43.0030709
     ],
     [
      6.2347534,
      43.0029652
     ],
     [
      6.2346127,
      43.0020531
     ],
     [
      6.2341311,
      43.0017412
     ],
     [
      6.234018,
      43.0015213
     ],
     [
      6.2339978,
      43.0013873
     ],
     [
      6.2345672,
      43.0014265
     ],
     [
      6.2347126,
      43.0014281
     ],
     [
      6.2348148,
      43.0013245
     ],
     [
      6.234689,
      43.0011763
     ],
     [
      6.2346406,
      43.0010272
     ],
     [
      6.2347649,
      43.0008234
     ],
     [
      6.2349749,
      43.0007753
     ],
     [
      6.2352437,
      43.0007495
     ],
     [
      6.2355328,
      43.000634
     ],
     [
      6.23608,
      43.0004928
     ],
     [
      6.2365245,
      43.0003133
     ],
     [
      6.2368739,
      43.000022
     ],
     [
      6.2370456,
      42.9997552
     ],
     [
      6.237196,
      42.99954
     ],
     [
      6.2376287,
      42.9995128
     ],
     [
      6.2378047,
      42.9994525
     ],
     [
      6.2379468,
      42.9993315
     ],
     [
      6.2382125,
      42.9987632
     ]
    ]
   }
  },
  {
   "type": "Feature",
   "properties": {
    "osm_id": 45620975,
    "nom": "Chemin de la Calanque des Salins",
    "type": "track",
    "sac_scale": null,
    "surface": null,
    "acces": null,
    "velo": null
   },
   "geometry": {
    "type": "LineString",
    "coordinates": [
     [
      6.2298718,
      43.0047432
     ],
     [
      6.229979,
      43.004195
     ],
     [
      6.230087,
      43.003482
     ],
     [
      6.230142,
      43.003265
     ],
     [
      6.23029,
      43.002417
     ],
     [
      6.230362,
      43.001743
     ],
     [
      6.230397,
      43.001604
     ],
     [
      6.230499,
      43.001396
     ],
     [
      6.230661,
      43.00121
     ],
     [
      6.2308689,
      43.0010506
     ],
     [
      6.231021,
      43.000934
     ],
     [
      6.231431,
      43.000457
     ],
     [
      6.231641,
      43.000127
     ],
     [
      6.231673,
      43.000052
     ],
     [
      6.231667,
      42.999941
     ],
     [
      6.231538,
      42.999769
     ],
     [
      6.23157,
      42.999619
     ],
     [
      6.231553,
      42.99949
     ],
     [
      6.231431,
      42.999208
     ],
     [
      6.231346,
      42.999083
     ],
     [
      6.23117,
      42.998966
     ],
     [
      6.231103,
      42.998886
     ],
     [
      6.231103,
      42.998781
     ],
     [
      6.231165,
      42.998646
     ],
     [
      6.231159,
      42.998518
     ],
     [
      6.231099,
      42.998375
     ],
     [
      6.231077,
      42.998193
     ],
     [
      6.231152,
      42.997975
     ],
     [
      6.231132,
      42.997869
     ],
     [
      6.230956,
      42.997406
     ],
     [
      6.230937,
      42.997274
     ],
     [
      6.2309896,
      42.9968487
     ]
    ]
   }
  },
  {
   "type": "Feature",
   "properties": {
    "osm_id": 46832345,
    "nom": null,
    "type": "track",
    "sac_scale": null,
    "surface": "compacted",
    "acces": null,
    "velo": null
   },
   "geometry": {
    "type": "LineString",
    "coordinates": [
     [
      6.1972086,
      42.9964285
     ],
     [
      6.1966969,
      42.9961791
     ],
     [
      6.1965833,
      42.996215
     ],
     [
      6.1965416,
      42.9962817
     ],
     [
      6.196407,
      42.9964269
     ],
     [
      6.1963225,
      42.9964792
     ],
     [
      6.1962468,
      42.99651
     ],
     [
      6.1961902,
      42.9965233
     ],
     [
      6.1960924,
      42.9965488
     ],
     [
      6.1955994,
      42.9966036
     ],
     [
      6.1956016,
      42.996615
     ],
     [
      6.1956655,
      42.9969507
     ],
     [
      6.195585,
      42.9970047
     ],
     [
      6.1953883,
      42.9970225
     ],
     [
      6.1952361,
      42.9971119
     ],
     [
      6.1951809,
      42.997263
     ],
     [
      6.1952056,
      42.9974171
     ]
    ]
   }
  },
  {
   "type": "Feature",
   "properties": {
    "osm_id": 46832347,
    "nom": null,
    "type": "track",
    "sac_scale": null,
    "surface": "compacted",
    "acces": null,
    "velo": null
   },
   "geometry": {
    "type": "LineString",
    "coordinates": [
     [
      6.2148355,
      42.9973308
     ],
     [
      6.2148377,
      42.9972204
     ],
     [
      6.2147571,
      42.9969925
     ],
     [
      6.214526,
      42.9963584
     ],
     [
      6.2145095,
      42.9963124
     ],
     [
      6.2142859,
      42.9962533
     ],
     [
      6.214007,
      42.9962401
     ]
    ]
   }
  },
  {
   "type": "Feature",
   "properties": {
    "osm_id": 47063718,
    "nom": null,
    "type": "path",
    "sac_scale": "hiking",
    "surface": null,
    "acces": null,
    "velo": null
   },
   "geometry": {
    "type": "LineString",
    "coordinates": [
     [
      6.2087413,
      42.9987278
     ],
     [
      6.2084945,
      42.9987251
     ],
     [
      6.2083764,
      42.9986878
     ],
     [
      6.2079567,
      42.9985691
     ],
     [
      6.2078736,
      42.9984858
     ]
    ]
   }
  },
  {
   "type": "Feature",
   "properties": {
    "osm_id": 47063724,
    "nom": null,
    "type": "track",
    "sac_scale": null,
    "surface": null,
    "acces": null,
    "velo": null
   },
   "geometry": {
    "type": "LineString",
    "coordinates": [
     [
      6.1947948,
      42.9999406
     ],
     [
      6.194613,
      42.9999411
     ],
     [
      6.1944932,
      42.9999243
     ]
    ]
   }
  },
  {
   "type": "Feature",
   "properties": {
    "osm_id": 47351951,
    "nom": null,
    "type": "track",
    "sac_scale": null,
    "surface": null,
    "acces": null,
    "velo": null
   },
   "geometry": {
    "type": "LineString",
    "coordinates": [
     [
      6.2065351,
      42.9955726
     ],
     [
      6.2064218,
      42.9949129
     ]
    ]
   }
  },
  {
   "type": "Feature",
   "properties": {
    "osm_id": 47351953,
    "nom": "Chemin du Vallon des Abeilles",
    "type": "path",
    "sac_scale": "hiking",
    "surface": null,
    "acces": null,
    "velo": null
   },
   "geometry": {
    "type": "LineString",
    "coordinates": [
     [
      6.2064218,
      42.9949129
     ],
     [
      6.2064104,
      42.9947909
     ],
     [
      6.2063621,
      42.9945515
     ],
     [
      6.2062597,
      42.9942207
     ],
     [
      6.2061632,
      42.9939696
     ],
     [
      6.2061203,
      42.993797
     ],
     [
      6.2062973,
      42.9935969
     ],
     [
      6.2064743,
      42.9934321
     ],
     [
      6.2065119,
      42.9932516
     ],
     [
      6.2066084,
      42.9931221
     ],
     [
      6.2067533,
      42.9929181
     ],
     [
      6.2073844,
      42.99256
     ],
     [
      6.2073867,
      42.9925333
     ]
    ]
   }
  },
  {
   "type": "Feature",
   "properties": {
    "osm_id": 47351955,
    "nom": "Chemin de la Calanque de l'Indienne",
    "type": "track",
    "sac_scale": "hiking",
    "surface": null,
    "acces": null,
    "velo": null
   },
   "geometry": {
    "type": "LineString",
    "coordinates": [
     [
      6.2067103,
      42.9860806
     ],
     [
      6.2062198,
      42.9868683
     ],
     [
      6.2060978,
      42.9869939
     ],
     [
      6.2057884,
      42.9871357
     ],
     [
      6.2053454,
      42.9875452
     ],
     [
      6.2045782,
      42.9883344
     ],
     [
      6.2041599,
      42.9887264
     ],
     [
      6.2039131,
      42.9889442
     ],
     [
      6.2037656,
      42.9890697
     ]
    ]
   }
  },
  {
   "type": "Feature",
   "properties": {
    "osm_id": 47351956,
    "nom": null,
    "type": "path",
    "sac_scale": "hiking",
    "surface": null,
    "acces": null,
    "velo": null
   },
   "geometry": {
    "type": "LineString",
    "coordinates": [
     [
      6.2035976,
      42.9985343
     ],
     [
      6.2036214,
      42.9984552
     ],
     [
      6.2036499,
      42.9984245
     ],
     [
      6.2037535,
      42.9983609
     ],
     [
      6.2037706,
      42.9983522
     ],
     [
      6.2037914,
      42.9983337
     ],
     [
      6.2038779,
      42.9982188
     ],
     [
      6.2041247,
      42.998054
     ],
     [
      6.2043822,
      42.9980148
     ],
     [
      6.2048328,
      42.9977558
     ],
     [
      6.2053585,
      42.9977009
     ],
     [
      6.2059808,
      42.9976303
     ],
     [
      6.2065494,
      42.9975675
     ],
     [
      6.207,
      42.9974106
     ],
     [
      6.2075365,
      42.9972929
     ],
     [
      6.2079814,
      42.9972249
     ],
     [
      6.2080772,
      42.9972503
     ],
     [
      6.2082888,
      42.9972649
     ],
     [
      6.2085189,
      42.9972906
     ],
     [
      6.2086343,
      42.9972919
     ]
    ]
   }
  },
  {
   "type": "Feature",
   "properties": {
    "osm_id": 47351957,
    "nom": null,
    "type": "track",
    "sac_scale": null,
    "surface": null,
    "acces": null,
    "velo": null
   },
   "geometry": {
    "type": "LineString",
    "coordinates": [
     [
      6.2079348,
      42.9971198
     ],
     [
      6.2079791,
      42.9969569
     ],
     [
      6.2079227,
      42.9966063
     ],
     [
      6.2078905,
      42.996261
     ],
     [
      6.2078261,
      42.9958647
     ],
     [
      6.2077349,
      42.9954841
     ]
    ]
   }
  },
  {
   "type": "Feature",
   "properties": {
    "osm_id": 47351958,
    "nom": null,
    "type": "path",
    "sac_scale": null,
    "surface": null,
    "acces": null,
    "velo": null
   },
   "geometry": {
    "type": "LineString",
    "coordinates": [
     [
      6.2077349,
      42.9954841
     ],
     [
      6.2086492,
      42.9954313
     ]
    ]
   }
  },
  {
   "type": "Feature",
   "properties": {
    "osm_id": 47442741,
    "nom": null,
    "type": "track",
    "sac_scale": null,
    "surface": null,
    "acces": null,
    "velo": null
   },
   "geometry": {
    "type": "LineString",
    "coordinates": [
     [
      6.1833242,
      42.9958041
     ],
     [
      6.1834068,
      42.9958877
     ],
     [
      6.1835034,
      42.9960545
     ],
     [
      6.1835273,
      42.9962853
     ],
     [
      6.1835999,
      42.9965175
     ],
     [
      6.1836348,
      42.9967293
     ],
     [
      6.1834122,
      42.9971531
     ],
     [
      6.1834417,
      42.9973355
     ]
    ]
   }
  },
  {
   "type": "Feature",
   "properties": {
    "osm_id": 47442796,
    "nom": null,
    "type": "path",
    "sac_scale": "mountain_hiking",
    "surface": null,
    "acces": null,
    "velo": null
   },
   "geometry": {
    "type": "LineString",
    "coordinates": [
     [
      6.1887866,
      42.9997
     ],
     [
      6.1888053,
      42.9996294
     ],
     [
      6.1888617,
      42.9995559
     ],
     [
      6.1889529,
      42.9994646
     ],
     [
      6.1890722,
      42.9993773
     ],
     [
      6.1891822,
      42.9992969
     ],
     [
      6.1893069,
      42.9992008
     ],
     [
      6.189445,
      42.9991547
     ],
     [
      6.1895725,
      42.9991184
     ],
     [
      6.1896194,
      42.9990713
     ],
     [
      6.1897978,
      42.9988281
     ],
     [
      6.1899654,
      42.9987035
     ],
     [
      6.1901049,
      42.9986192
     ],
     [
      6.1902725,
      42.9984828
     ],
     [
      6.1904372,
      42.9984157
     ]
    ]
   }
  },
  {
   "type": "Feature",
   "properties": {
    "osm_id": 47442863,
    "nom": null,
    "type": "track",
    "sac_scale": null,
    "surface": null,
    "acces": "private",
    "velo": null
   },
   "geometry": {
    "type": "LineString",
    "coordinates": [
     [
      6.1817087,
      42.9989277
     ],
     [
      6.1822344,
      42.9987551
     ],
     [
      6.1838771,
      42.9981768
     ]
    ]
   }
  },
  {
   "type": "Feature",
   "properties": {
    "osm_id": 47572917,
    "nom": null,
    "type": "track",
    "sac_scale": null,
    "surface": null,
    "acces": null,
    "velo": null
   },
   "geometry": {
    "type": "LineString",
    "coordinates": [
     [
      6.1976208,
      42.9952985
     ],
     [
      6.1978957,
      42.9952057
     ],
     [
      6.1980992,
      42.9950993
     ]
    ]
   }
  },
  {
   "type": "Feature",
   "properties": {
    "osm_id": 47572918,
    "nom": null,
    "type": "path",
    "sac_scale": null,
    "surface": null,
    "acces": null,
    "velo": null
   },
   "geometry": {
    "type": "LineString",
    "coordinates": [
     [
      6.2000379,
      42.9947623
     ],
     [
      6.2003088,
      42.9961179
     ],
     [
      6.1995444,
      42.9962206
     ],
     [
      6.1994183,
      42.9962375
     ]
    ]
   }
  },
  {
   "type": "Feature",
   "properties": {
    "osm_id": 47572923,
    "nom": "Chemin de la Gorge du Loup",
    "type": "track",
    "sac_scale": null,
    "surface": null,
    "acces": null,
    "velo": "yes"
   },
   "geometry": {
    "type": "LineString",
    "coordinates": [
     [
      6.1987215,
      42.9864933
     ],
     [
      6.1988313,
      42.9865746
     ],
     [
      6.1989386,
      42.9866923
     ],
     [
      6.1990888,
      42.9868336
     ],
     [
      6.199274,
      42.98687
     ],
     [
      6.1993599,
      42.9868641
     ],
     [
      6.1994269,
      42.9868112
     ],
     [
      6.1994911,
      42.9867591
     ],
     [
      6.199597,
      42.9866972
     ],
     [
      6.1997929,
      42.9866718
     ],
     [
      6.2002249,
      42.9866601
     ],
     [
      6.2011326,
      42.9866453
     ],
     [
      6.2014364,
      42.9867504
     ],
     [
      6.2017046,
      42.986821
     ],
     [
      6.2019724,
      42.986872
     ]
    ]
   }
  },
  {
   "type": "Feature",
   "properties": {
    "osm_id": 47572941,
    "nom": "Chemin de l'Ancienne Carrière",
    "type": "path",
    "sac_scale": "hiking",
    "surface": null,
    "acces": null,
    "velo": null
   },
   "geometry": {
    "type": "LineString",
    "coordinates": [
     [
      6.199308,
      42.994583
     ],
     [
      6.1991967,
      42.9943921
     ],
     [
      6.1992182,
      42.9941959
     ],
     [
      6.199186,
      42.9939684
     ],
     [
      6.199068,
      42.9936702
     ],
     [
      6.1990036,
      42.9935054
     ],
     [
      6.1988856,
      42.9933877
     ],
     [
      6.1987676,
      42.9933877
     ],
     [
      6.1986174,
      42.9934191
     ],
     [
      6.1982311,
      42.993423
     ],
     [
      6.1979254,
      42.9933366
     ],
     [
      6.1977107,
      42.9932425
     ],
     [
      6.1974962,
      42.9930777
     ],
     [
      6.1972816,
      42.9928579
     ],
     [
      6.1970885,
      42.9926461
     ],
     [
      6.1969544,
      42.9925362
     ],
     [
      6.1967451,
      42.9924107
     ],
     [
      6.1966326,
      42.992342
     ],
     [
      6.196536,
      42.9922871
     ],
     [
      6.1965386,
      42.9923498
     ],
     [
      6.1966325,
      42.9924756
     ],
     [
      6.1968364,
      42.9926639
     ],
     [
      6.1967613,
      42.992752
     ]
    ]
   }
  },
  {
   "type": "Feature",
   "properties": {
    "osm_id": 47657932,
    "nom": "Chemin de la Grand Cale",
    "type": "track",
    "sac_scale": null,
    "surface": null,
    "acces": "private",
    "velo": null
   },
   "geometry": {
    "type": "LineString",
    "coordinates": [
     [
      6.2060355,
      42.9905366
     ],
     [
      6.2061521,
      42.9905288
     ]
    ]
   }
  },
  {
   "type": "Feature",
   "properties": {
    "osm_id": 47705237,
    "nom": null,
    "type": "path",
    "sac_scale": "mountain_hiking",
    "surface": null,
    "acces": null,
    "velo": null
   },
   "geometry": {
    "type": "LineString",
    "coordinates": [
     [
      6.2250993,
      43.0023828
     ],
     [
      6.2250204,
      43.002579
     ],
     [
      6.2249566,
      43.0027739
     ]
    ]
   }
  },
  {
   "type": "Feature",
   "properties": {
    "osm_id": 47705243,
    "nom": null,
    "type": "track",
    "sac_scale": null,
    "surface": null,
    "acces": null,
    "velo": null
   },
   "geometry": {
    "type": "LineString",
    "coordinates": [
     [
      6.2149667,
      42.9998312
     ],
     [
      6.2150993,
      42.9998696
     ],
     [
      6.2152644,
      43.000012
     ],
     [
      6.2157907,
      43.0002083
     ],
     [
      6.216709,
      43.0005507
     ],
     [
      6.2170983,
      43.0007245
     ],
     [
      6.2181052,
      43.0010911
     ],
     [
      6.2183443,
      43.0009318
     ],
     [
      6.218608,
      43.0009316
     ],
     [
      6.218811,
      43.000917
     ],
     [
      6.2188841,
      43.0008399
     ],
     [
      6.2189595,
      43.0007491
     ],
     [
      6.2190903,
      43.0006817
     ],
     [
      6.2204068,
      42.9989915
     ],
     [
      6.2210839,
      42.9980927
     ]
    ]
   }
  },
  {
   "type": "Feature",
   "properties": {
    "osm_id": 47924461,
    "nom": "Piste de Brégançonnet",
    "type": "track",
    "sac_scale": null,
    "surface": null,
    "acces": null,
    "velo": null
   },
   "geometry": {
    "type": "LineString",
    "coordinates": [
     [
      6.1821818,
      42.9959476
     ],
     [
      6.1821935,
      42.9957168
     ],
     [
      6.1819353,
      42.9952323
     ],
     [
      6.1818211,
      42.9951265
     ],
     [
      6.1819205,
      42.995012
     ],
     [
      6.1819406,
      42.9949875
     ],
     [
      6.1820318,
      42.9949634
     ],
     [
      6.1822604,
      42.9950179
     ],
     [
      6.1823416,
      42.9950203
     ],
     [
      6.1826118,
      42.9951994
     ],
     [
      6.18265,
      42.9952636
     ],
     [
      6.1826405,
      42.9953502
     ]
    ]
   }
  },
  {
   "type": "Feature",
   "properties": {
    "osm_id": 47924462,
    "nom": "Chemin des Falaises",
    "type": "path",
    "sac_scale": "hiking",
    "surface": null,
    "acces": null,
    "velo": "no"
   },
   "geometry": {
    "type": "LineString",
    "coordinates": [
     [
      6.1784373,
      42.999782
     ],
     [
      6.1783156,
      42.9997316
     ],
     [
      6.1782535,
      42.999651
     ],
     [
      6.178216,
      42.9995176
     ],
     [
      6.1781194,
      42.9994038
     ],
     [
      6.1779959,
      42.9992774
     ],
     [
      6.1779638,
      42.9991754
     ],
     [
      6.1780255,
      42.99878
     ],
     [
      6.1780925,
      42.998579
     ],
     [
      6.1781891,
      42.9982181
     ],
     [
      6.1782051,
      42.9976962
     ],
     [
      6.1783044,
      42.997557
     ],
     [
      6.1785082,
      42.9975472
     ],
     [
      6.1786423,
      42.9975099
     ],
     [
      6.1786933,
      42.9974962
     ],
     [
      6.1787474,
      42.9974578
     ],
     [
      6.1787121,
      42.9973216
     ],
     [
      6.178704,
      42.9971745
     ],
     [
      6.1787684,
      42.9969469
     ],
     [
      6.1788869,
      42.996785
     ],
     [
      6.1788972,
      42.9966487
     ],
     [
      6.1789481,
      42.9965173
     ],
     [
      6.1788114,
      42.9962701
     ],
     [
      6.178865,
      42.9961014
     ],
     [
      6.179093,
      42.9959719
     ],
     [
      6.1792967,
      42.9958974
     ],
     [
      6.1794256,
      42.9958659
     ],
     [
      6.1796053,
      42.9958169
     ],
     [
      6.1797447,
      42.9957894
     ],
     [
      6.1796857,
      42.9958855
     ],
     [
      6.1795624,
      42.9959425
     ],
     [
      6.1793317,
      42.9960681
     ],
     [
      6.1793183,
      42.9961112
     ],
     [
      6.1793692,
      42.996121
     ],
     [
      6.1798171,
      42.9961033
     ],
     [
      6.1801149,
      42.9960838
     ],
     [
      6.1802999,
      42.9960719
     ],
     [
      6.1803885,
      42.9960445
     ],
     [
      6.1805279,
      42.9959346
     ],
     [
      6.1806245,
      42.9958562
     ],
     [
      6.1807184,
      42.995815
     ],
     [
      6.1807403,
      42.9957413
     ],
     [
      6.1807828,
      42.9957071
     ],
     [
      6.1808391,
      42.9958248
     ],
     [
      6.1808954,
      42.9960759
     ],
     [
      6.1808605,
      42.9961779
     ],
     [
      6.1808122,
      42.9963505
     ],
     [
      6.1807457,
      42.9964318
     ],
     [
      6.180831,
      42.9965035
     ],
     [
      6.1808873,
      42.996633
     ],
     [
      6.1809227,
      42.9966947
     ],
     [
      6.1809897,
      42.9967104
     ],
     [
      6.18111,
      42.9966271
     ],
     [
      6.1813755,
      42.9965232
     ],
     [
      6.1817725,
      42.9963819
     ],
     [
      6.1820525,
      42.9962781
     ]
    ]
   }
  },
  {
   "type": "Feature",
   "properties": {
    "osm_id": 47924463,
    "nom": "Boucle de la Pointe des Carrières",
    "type": "path",
    "sac_scale": "hiking",
    "surface": null,
    "acces": null,
    "velo": "no"
   },
   "geometry": {
    "type": "LineString",
    "coordinates": [
     [
      6.1780255,
      42.99878
     ],
     [
      6.177819,
      42.9987271
     ],
     [
      6.1776366,
      42.99868
     ],
     [
      6.1772987,
      42.9985819
     ],
     [
      6.1769124,
      42.9984681
     ],
     [
      6.1765691,
      42.9984211
     ],
     [
      6.1763384,
      42.9983838
     ],
     [
      6.17621,
      42.9983543
     ],
     [
      6.1762208,
      42.9982839
     ],
     [
      6.1762718,
      42.998229
     ],
     [
      6.1762744,
      42.9981368
     ],
     [
      6.1762503,
      42.9980584
     ],
     [
      6.1761913,
      42.9979975
     ],
     [
      6.1760894,
      42.9979112
     ],
     [
      6.1760326,
      42.997807
     ],
     [
      6.1758824,
      42.9976698
     ],
     [
      6.1757943,
      42.997617
     ],
     [
      6.1755982,
      42.9975441
     ],
     [
      6.1755177,
      42.9975225
     ],
     [
      6.1753889,
      42.9975421
     ],
     [
      6.1752763,
      42.9975931
     ],
     [
      6.1751368,
      42.9977049
     ],
     [
      6.1750858,
      42.9978326
     ],
     [
      6.1750027,
      42.9979404
     ],
     [
      6.1749866,
      42.9980012
     ],
     [
      6.174936,
      42.9980544
     ],
     [
      6.1748851,
      42.9981093
     ],
     [
      6.1749062,
      42.9981366
     ],
     [
      6.1749575,
      42.9981466
     ],
     [
      6.175105,
      42.9980976
     ],
     [
      6.1753223,
      42.9979916
     ],
     [
      6.1754135,
      42.9979876
     ],
     [
      6.1754801,
      42.9980228
     ],
     [
      6.175507,
      42.9980895
     ],
     [
      6.1755069,
      42.9981601
     ],
     [
      6.1754533,
      42.9982896
     ],
     [
      6.1754533,
      42.9984308
     ],
     [
      6.1754318,
      42.9985387
     ],
     [
      6.1755284,
      42.9986545
     ],
     [
      6.1756763,
      42.9987272
     ],
     [
      6.1758127,
      42.9987486
     ],
     [
      6.1759254,
      42.9987938
     ],
     [
      6.175861,
      42.9988703
     ],
     [
      6.1756495,
      42.9989626
     ],
     [
      6.1754778,
      42.9990439
     ],
     [
      6.1755136,
      42.9991095
     ],
     [
      6.1755874,
      42.9991606
     ],
     [
      6.1755539,
      42.9993783
     ],
     [
      6.1755556,
      42.9994265
     ],
     [
      6.1756455,
      42.9995051
     ],
     [
      6.1756898,
      42.9995561
     ],
     [
      6.1755663,
      42.999558
     ],
     [
      6.1754041,
      42.9994638
     ],
     [
      6.1754161,
      42.9995168
     ],
     [
      6.1754752,
      42.9996668
     ],
     [
      6.1755154,
      42.9997787
     ],
     [
      6.1757139,
      42.999865
     ],
     [
      6.1758104,
      42.9999552
     ],
     [
      6.1758104,
      43.0001161
     ],
     [
      6.1758131,
      43.0001848
     ],
     [
      6.1757783,
      43.0002867
     ],
     [
      6.1757622,
      43.0004417
     ],
     [
      6.1757836,
      43.000579
     ],
     [
      6.1758265,
      43.0006124
     ],
     [
      6.1758757,
      43.000706
     ],
     [
      6.1759803,
      43.0008453
     ],
     [
      6.1760179,
      43.0010845
     ]
    ]
   }
  },
  {
   "type": "Feature",
   "properties": {
    "osm_id": 47924464,
    "nom": "Chemin du Parapluie",
    "type": "path",
    "sac_scale": "hiking",
    "surface": "dirt",
    "acces": null,
    "velo": null
   },
   "geometry": {
    "type": "LineString",
    "coordinates": [
     [
      6.1841404,
      43.0051174
     ],
     [
      6.1839804,
      43.0050375
     ],
     [
      6.1838861,
      43.0050444
     ],
     [
      6.1835803,
      43.0051111
     ],
     [
      6.1834247,
      43.0051307
     ],
     [
      6.1831377,
      43.0052425
     ],
     [
      6.1828239,
      43.0053583
     ],
     [
      6.1826631,
      43.0054317
     ],
     [
      6.182148,
      43.0054661
     ],
     [
      6.181794,
      43.0055828
     ],
     [
      6.181515,
      43.0056799
     ],
     [
      6.1814216,
      43.0057416
     ],
     [
      6.1811824,
      43.0056956
     ],
     [
      6.181,
      43.0056721
     ],
     [
      6.1808069,
      43.0055721
     ],
     [
      6.1807479,
      43.0054759
     ],
     [
      6.1806862,
      43.0053857
     ],
     [
      6.1806058,
      43.0053308
     ],
     [
      6.1804637,
      43.0052375
     ],
     [
      6.1803939,
      43.0050256
     ],
     [
      6.1802813,
      43.0048217
     ],
     [
      6.180292,
      43.0047354
     ],
     [
      6.1803563,
      43.0045894
     ],
     [
      6.1804127,
      43.004398
     ],
     [
      6.1804287,
      43.0041656
     ],
     [
      6.1805763,
      43.0040087
     ],
     [
      6.1808659,
      43.0038205
     ],
     [
      6.180984,
      43.0037185
     ],
     [
      6.1810376,
      43.0036636
     ],
     [
      6.1810054,
      43.0036086
     ],
     [
      6.1808659,
      43.0035616
     ],
     [
      6.1807425,
      43.0035694
     ],
     [
      6.1804636,
      43.0035694
     ],
     [
      6.1803134,
      43.0035458
     ],
     [
      6.1801793,
      43.0035262
     ],
     [
      6.1799164,
      43.003385
     ],
     [
      6.1798145,
      43.0032438
     ],
     [
      6.1797126,
      43.00313
     ],
     [
      6.1795919,
      43.0030721
     ],
     [
      6.1794524,
      43.0030456
     ],
     [
      6.1792835,
      43.0028209
     ],
     [
      6.1791605,
      43.0027327
     ],
     [
      6.1790259,
      43.0026984
     ],
     [
      6.1788413,
      43.0026974
     ],
     [
      6.1785994,
      43.0026572
     ],
     [
      6.1783339,
      43.0026866
     ],
     [
      6.1780174,
      43.0027141
     ],
     [
      6.1778029,
      43.002719
     ],
     [
      6.17746,
      43.002615
     ],
     [
      6.177358,
      43.0025351
     ]
    ]
   }
  },
  {
   "type": "Feature",
   "properties": {
    "osm_id": 47924465,
    "nom": null,
    "type": "path",
    "sac_scale": "hiking",
    "surface": null,
    "acces": null,
    "velo": null
   },
   "geometry": {
    "type": "LineString",
    "coordinates": [
     [
      6.1797126,
      43.00313
     ],
     [
      6.1798252,
      43.003079
     ],
     [
      6.1798574,
      43.0030084
     ],
     [
      6.1799754,
      43.0029927
     ]
    ]
   }
  },
  {
   "type": "Feature",
   "properties": {
    "osm_id": 47999101,
    "nom": null,
    "type": "track",
    "sac_scale": null,
    "surface": null,
    "acces": null,
    "velo": null
   },
   "geometry": {
    "type": "LineString",
    "coordinates": [
     [
      6.2162371,
      42.9982705
     ],
     [
      6.2158892,
      42.9986804
     ],
     [
      6.2149667,
      42.9998312
     ],
     [
      6.2144036,
      43.0005947
     ],
     [
      6.2131818,
      43.0020972
     ],
     [
      6.2130227,
      43.0022558
     ]
    ]
   }
  },
  {
   "type": "Feature",
   "properties": {
    "osm_id": 47999103,
    "nom": null,
    "type": "track",
    "sac_scale": null,
    "surface": null,
    "acces": null,
    "velo": null
   },
   "geometry": {
    "type": "LineString",
    "coordinates": [
     [
      6.2125419,
      42.9999031
     ],
     [
      6.2144036,
      43.0005947
     ]
    ]
   }
  },
  {
   "type": "Feature",
   "properties": {
    "osm_id": 47999104,
    "nom": null,
    "type": "track",
    "sac_scale": null,
    "surface": null,
    "acces": "private",
    "velo": null
   },
   "geometry": {
    "type": "LineString",
    "coordinates": [
     [
      6.2125419,
      42.9999031
     ],
     [
      6.2121946,
      43.0002012
     ],
     [
      6.2110191,
      43.0014227
     ]
    ]
   }
  },
  {
   "type": "Feature",
   "properties": {
    "osm_id": 47999105,
    "nom": null,
    "type": "path",
    "sac_scale": null,
    "surface": null,
    "acces": null,
    "velo": null
   },
   "geometry": {
    "type": "LineString",
    "coordinates": [
     [
      6.2125419,
      42.9999031
     ],
     [
      6.2128754,
      42.9995049
     ],
     [
      6.2132491,
      42.9990168
     ],
     [
      6.2135217,
      42.9986704
     ],
     [
      6.213875,
      42.9982833
     ],
     [
      6.2139935,
      42.9981454
     ],
     [
      6.2141489,
      42.9980484
     ],
     [
      6.2143286,
      42.9979456
     ]
    ]
   }
  },
  {
   "type": "Feature",
   "properties": {
    "osm_id": 48134948,
    "nom": null,
    "type": "path",
    "sac_scale": "mountain_hiking",
    "surface": null,
    "acces": null,
    "velo": null
   },
   "geometry": {
    "type": "LineString",
    "coordinates": [
     [
      6.2217221,
      42.9937598
     ],
     [
      6.2213748,
      42.9939339
     ]
    ]
   }
  },
  {
   "type": "Feature",
   "properties": {
    "osm_id": 48134950,
    "nom": null,
    "type": "track",
    "sac_scale": null,
    "surface": null,
    "acces": null,
    "velo": null
   },
   "geometry": {
    "type": "LineString",
    "coordinates": [
     [
      6.2181052,
      43.0010911
     ],
     [
      6.2176806,
      43.0017021
     ],
     [
      6.2174284,
      43.002503
     ]
    ]
   }
  },
  {
   "type": "Feature",
   "properties": {
    "osm_id": 48134951,
    "nom": null,
    "type": "path",
    "sac_scale": "mountain_hiking",
    "surface": null,
    "acces": null,
    "velo": null
   },
   "geometry": {
    "type": "LineString",
    "coordinates": [
     [
      6.2200993,
      42.9968088
     ],
     [
      6.2203568,
      42.9969814
     ]
    ]
   }
  },
  {
   "type": "Feature",
   "properties": {
    "osm_id": 48134953,
    "nom": null,
    "type": "track",
    "sac_scale": "hiking",
    "surface": null,
    "acces": null,
    "velo": null
   },
   "geometry": {
    "type": "LineString",
    "coordinates": [
     [
      6.2143286,
      42.9979456
     ],
     [
      6.2147129,
      42.9980011
     ],
     [
      6.2162371,
      42.9982705
     ]
    ]
   }
  },
  {
   "type": "Feature",
   "properties": {
    "osm_id": 48134954,
    "nom": null,
    "type": "path",
    "sac_scale": "mountain_hiking",
    "surface": null,
    "acces": null,
    "velo": null
   },
   "geometry": {
    "type": "LineString",
    "coordinates": [
     [
      6.2186694,
      42.9961936
     ],
     [
      6.2190141,
      42.996213
     ],
     [
      6.2191947,
      42.9963076
     ],
     [
      6.2195407,
      42.9965024
     ],
     [
      6.2196916,
      42.9966048
     ],
     [
      6.2200993,
      42.9968088
     ],
     [
      6.2204211,
      42.9967303
     ],
     [
      6.2206035,
      42.9966362
     ],
     [
      6.2208288,
      42.9965891
     ],
     [
      6.2210649,
      42.9966126
     ],
     [
      6.2212016,
      42.9966205
     ],
     [
      6.2215262,
      42.9963615
     ],
     [
      6.2216764,
      42.9962281
     ],
     [
      6.2219124,
      42.9960555
     ],
     [
      6.2222772,
      42.9958828
     ],
     [
      6.2226098,
      42.995773
     ],
     [
      6.2227922,
      42.9956082
     ],
     [
      6.223275,
      42.9954512
     ],
     [
      6.2236612,
      42.9951531
     ],
     [
      6.2239187,
      42.9948862
     ],
     [
      6.2243077,
      42.9946106
     ],
     [
      6.2245126,
      42.9943132
     ]
    ]
   }
  },
  {
   "type": "Feature",
   "properties": {
    "osm_id": 48134955,
    "nom": null,
    "type": "track",
    "sac_scale": null,
    "surface": null,
    "acces": null,
    "velo": null
   },
   "geometry": {
    "type": "LineString",
    "coordinates": [
     [
      6.2199559,
      42.9948445
     ],
     [
      6.2201224,
      42.9947939
     ],
     [
      6.2202565,
      42.9947813
     ],
     [
      6.22037,
      42.9946881
     ],
     [
      6.2205132,
      42.9946514
     ],
     [
      6.2206951,
      42.9947001
     ],
     [
      6.2208002,
      42.9946787
     ],
     [
      6.2208228,
      42.9945806
     ],
     [
      6.2208142,
      42.9944682
     ],
     [
      6.2208383,
      42.994345
     ],
     [
      6.2209496,
      42.994213
     ],
     [
      6.2211189,
      42.9941312
     ],
     [
      6.2213748,
      42.9939339
     ],
     [
      6.2214231,
      42.993773
     ],
     [
      6.2214231,
      42.993571
     ],
     [
      6.2214768,
      42.9933571
     ]
    ]
   }
  },
  {
   "type": "Feature",
   "properties": {
    "osm_id": 48179386,
    "nom": null,
    "type": "path",
    "sac_scale": null,
    "surface": null,
    "acces": null,
    "velo": "yes"
   },
   "geometry": {
    "type": "LineString",
    "coordinates": [
     [
      6.2057719,
      42.9850789
     ],
     [
      6.2056351,
      42.9852967
     ],
     [
      6.2054473,
      42.9854909
     ],
     [
      6.2051415,
      42.985748
     ],
     [
      6.2050579,
      42.9858886
     ],
     [
      6.2049994,
      42.9863621
     ],
     [
      6.2049511,
      42.9865544
     ],
     [
      6.2048653,
      42.9867055
     ],
     [
      6.2047499,
      42.9868271
     ],
     [
      6.2044308,
      42.9870547
     ],
     [
      6.204133,
      42.9872647
     ],
     [
      6.2038514,
      42.9875119
     ],
     [
      6.2035027,
      42.9878474
     ]
    ]
   }
  },
  {
   "type": "Feature",
   "properties": {
    "osm_id": 48179390,
    "nom": null,
    "type": "track",
    "sac_scale": null,
    "surface": null,
    "acces": null,
    "velo": "yes"
   },
   "geometry": {
    "type": "LineString",
    "coordinates": [
     [
      6.2054613,
      42.9933909
     ],
     [
      6.2054363,
      42.9932992
     ],
     [
      6.2053717,
      42.993244
     ],
     [
      6.2051811,
      42.9932329
     ],
     [
      6.2036309,
      42.9934542
     ],
     [
      6.2034774,
      42.9934641
     ],
     [
      6.2033156,
      42.9934408
     ],
     [
      6.2029266,
      42.9934988
     ]
    ]
   }
  },
  {
   "type": "Feature",
   "properties": {
    "osm_id": 48233164,
    "nom": null,
    "type": "track",
    "sac_scale": null,
    "surface": null,
    "acces": null,
    "velo": null
   },
   "geometry": {
    "type": "LineString",
    "coordinates": [
     [
      6.1966969,
      42.9961791
     ],
     [
      6.1966514,
      42.9961636
     ],
     [
      6.1965126,
      42.9961055
     ]
    ]
   }
  },
  {
   "type": "Feature",
   "properties": {
    "osm_id": 48233166,
    "nom": null,
    "type": "track",
    "sac_scale": "hiking",
    "surface": null,
    "acces": null,
    "velo": null
   },
   "geometry": {
    "type": "LineString",
    "coordinates": [
     [
      6.1953703,
      42.9954681
     ],
     [
      6.1946648,
      42.9943383
     ],
     [
      6.1945258,
      42.9943715
     ]
    ]
   }
  },
  {
   "type": "Feature",
   "properties": {
    "osm_id": 48233167,
    "nom": null,
    "type": "path",
    "sac_scale": "hiking",
    "surface": null,
    "acces": null,
    "velo": null
   },
   "geometry": {
    "type": "LineString",
    "coordinates": [
     [
      6.1953703,
      42.9954681
     ],
     [
      6.1951959,
      42.9954661
     ],
     [
      6.1949491,
      42.995113
     ],
     [
      6.1946648,
      42.9946167
     ],
     [
      6.1945468,
      42.9944324
     ],
     [
      6.1945258,
      42.9943715
     ],
     [
      6.1943887,
      42.9941753
     ],
     [
      6.1941288,
      42.9938738
     ]
    ]
   }
  },
  {
   "type": "Feature",
   "properties": {
    "osm_id": 48233168,
    "nom": "Chemin de la Vigie",
    "type": "track",
    "sac_scale": null,
    "surface": null,
    "acces": null,
    "velo": null
   },
   "geometry": {
    "type": "LineString",
    "coordinates": [
     [
      6.1927627,
      43.0016901
     ],
     [
      6.1926399,
      43.0017117
     ],
     [
      6.19252,
      43.0016888
     ],
     [
      6.1923998,
      43.0015688
     ],
     [
      6.1919225,
      43.0011922
     ],
     [
      6.1918101,
      43.0010059
     ],
     [
      6.1917239,
      43.0009687
     ],
     [
      6.1916056,
      43.000877
     ],
     [
      6.1914661,
      43.0008064
     ],
     [
      6.1912841,
      43.0007018
     ],
     [
      6.1910856,
      43.0006037
     ],
     [
      6.190935,
      43.0004808
     ],
     [
      6.1906838,
      43.0004187
     ],
     [
      6.1904629,
      43.0003552
     ],
     [
      6.1903771,
      43.0002415
     ],
     [
      6.1903288,
      43.0001041
     ],
     [
      6.1901679,
      42.9998923
     ],
     [
      6.1901129,
      42.9996912
     ],
     [
      6.190066,
      42.9993705
     ],
     [
      6.1901196,
      42.9991704
     ],
     [
      6.1902403,
      42.9988879
     ],
     [
      6.1903087,
      42.9987594
     ],
     [
      6.1904241,
      42.9986476
     ],
     [
      6.1905058,
      42.9985476
     ],
     [
      6.1904372,
      42.9984157
     ],
     [
      6.1902698,
      42.9983111
     ],
     [
      6.1900767,
      42.9982013
     ],
     [
      6.1898357,
      42.9979628
     ],
     [
      6.1897388,
      42.9978129
     ],
     [
      6.1897606,
      42.9977043
     ],
     [
      6.1898411,
      42.9975984
     ],
     [
      6.1898732,
      42.9975042
     ],
     [
      6.1899215,
      42.9973983
     ],
     [
      6.1899913,
      42.9972963
     ],
     [
      6.1900982,
      42.9972048
     ],
     [
      6.190184,
      42.9971381
     ],
     [
      6.1902434,
      42.9970805
     ],
     [
      6.1902058,
      42.9969903
     ],
     [
      6.1901522,
      42.9969157
     ],
     [
      6.1901786,
      42.9968556
     ],
     [
      6.1902917,
      42.9967627
     ],
     [
      6.1903346,
      42.9966881
     ],
     [
      6.1903449,
      42.9966045
     ],
     [
      6.1902591,
      42.9965103
     ],
     [
      6.190184,
      42.9964475
     ],
     [
      6.1900869,
      42.9964168
     ]
    ]
   }
  },
  {
   "type": "Feature",
   "properties": {
    "osm_id": 48233171,
    "nom": null,
    "type": "path",
    "sac_scale": null,
    "surface": null,
    "acces": null,
    "velo": null
   },
   "geometry": {
    "type": "LineString",
    "coordinates": [
     [
      6.2004506,
      42.9969148
     ],
     [
      6.2003088,
      42.9961179
     ]
    ]
   }
  },
  {
   "type": "Feature",
   "properties": {
    "osm_id": 48233172,
    "nom": null,
    "type": "track",
    "sac_scale": null,
    "surface": null,
    "acces": null,
    "velo": null
   },
   "geometry": {
    "type": "LineString",
    "coordinates": [
     [
      6.1994183,
      42.9962375
     ],
     [
      6.1993231,
      42.9960086
     ],
     [
      6.199189,
      42.9959149
     ],
     [
      6.1990261,
      42.9958663
     ],
     [
      6.1988307,
      42.995877
     ],
     [
      6.1985384,
      42.9959074
     ],
     [
      6.1982711,
      42.9959409
     ],
     [
      6.1981815,
      42.9959576
     ],
     [
      6.1980901,
      42.9959925
     ],
     [
      6.197876,
      42.9961216
     ],
     [
      6.1974505,
      42.9962671
     ],
     [
      6.1973159,
      42.9962216
     ],
     [
      6.1972401,
      42.9961948
     ]
    ]
   }
  },
  {
   "type": "Feature",
   "properties": {
    "osm_id": 48272464,
    "nom": null,
    "type": "track",
    "sac_scale": null,
    "surface": null,
    "acces": null,
    "velo": null
   },
   "geometry": {
    "type": "LineString",
    "coordinates": [
     [
      6.1926317,
      42.9956527
     ],
     [
      6.1925169,
      42.9957302
     ],
     [
      6.1923399,
      42.9958224
     ],
     [
      6.192128,
      42.9958969
     ],
     [
      6.1919027,
      42.9959322
     ],
     [
      6.1916425,
      42.9960362
     ],
     [
      6.1912343,
      42.9960332
     ],
     [
      6.190626,
      42.9960715
     ],
     [
      6.1905134,
      42.9961186
     ],
     [
      6.1900869,
      42.9964168
     ]
    ]
   }
  },
  {
   "type": "Feature",
   "properties": {
    "osm_id": 48272466,
    "nom": null,
    "type": "path",
    "sac_scale": "hiking",
    "surface": null,
    "acces": null,
    "velo": null
   },
   "geometry": {
    "type": "LineString",
    "coordinates": [
     [
      6.1945258,
      42.9943715
     ],
     [
      6.1944182,
      42.9944583
     ],
     [
      6.1942787,
      42.9944544
     ],
     [
      6.1941369,
      42.9944166
     ],
     [
      6.1940803,
      42.9944475
     ],
     [
      6.1940991,
      42.9945076
     ],
     [
      6.1941772,
      42.9946481
     ],
     [
      6.1942415,
      42.9948129
     ],
     [
      6.1942006,
      42.9949242
     ],
     [
      6.1941128,
      42.9950327
     ],
     [
      6.1939411,
      42.9951111
     ],
     [
      6.1936836,
      42.9950915
     ],
     [
      6.1935173,
      42.9950248
     ],
     [
      6.193351,
      42.9949346
     ],
     [
      6.1932223,
      42.9948286
     ],
     [
      6.193112,
      42.9946174
     ],
     [
      6.1929863,
      42.9945069
     ],
     [
      6.1927851,
      42.9944636
     ]
    ]
   }
  },
  {
   "type": "Feature",
   "properties": {
    "osm_id": 48272468,
    "nom": null,
    "type": "path",
    "sac_scale": "hiking",
    "surface": null,
    "acces": null,
    "velo": null
   },
   "geometry": {
    "type": "LineString",
    "coordinates": [
     [
      6.1941288,
      42.9938738
     ],
     [
      6.193874,
      42.9939783
     ],
     [
      6.1935293,
      42.9941548
     ],
     [
      6.1932073,
      42.9942175
     ],
     [
      6.1927851,
      42.9944636
     ],
     [
      6.1926792,
      42.994446
     ],
     [
      6.1924968,
      42.9944068
     ],
     [
      6.1923466,
      42.994399
     ],
     [
      6.1922446,
      42.99445
     ],
     [
      6.1922125,
      42.9945206
     ],
     [
      6.1922822,
      42.9946108
     ],
     [
      6.1924324,
      42.9947521
     ],
     [
      6.1925796,
      42.9948194
     ],
     [
      6.1926899,
      42.9949286
     ],
     [
      6.1927113,
      42.9951131
     ],
     [
      6.1927221,
      42.9952739
     ],
     [
      6.1928588,
      42.9954564
     ]
    ]
   }
  },
  {
   "type": "Feature",
   "properties": {
    "osm_id": 48364387,
    "nom": "Allée des Pins",
    "type": "path",
    "sac_scale": "hiking",
    "surface": "dirt",
    "acces": null,
    "velo": "no"
   },
   "geometry": {
    "type": "LineString",
    "coordinates": [
     [
      6.1697844,
      43.0023439
     ],
     [
      6.1698864,
      43.002338
     ],
     [
      6.1699239,
      43.0023831
     ],
     [
      6.17005,
      43.0024184
     ],
     [
      6.1701117,
      43.0023988
     ],
     [
      6.1701519,
      43.0023439
     ],
     [
      6.1701975,
      43.0023851
     ],
     [
      6.1702512,
      43.0023537
     ],
     [
      6.1702914,
      43.0023753
     ],
     [
      6.170447,
      43.0023792
     ],
     [
      6.1705462,
      43.0024008
     ],
     [
      6.1705945,
      43.0024459
     ],
     [
      6.1706884,
      43.0024459
     ],
     [
      6.1707983,
      43.0024008
     ],
     [
      6.1708493,
      43.0022929
     ],
     [
      6.1709244,
      43.0022909
     ],
     [
      6.1709633,
      43.0023302
     ],
     [
      6.1710102,
      43.0023812
     ],
     [
      6.1710854,
      43.002336
     ],
     [
      6.1711098,
      43.0022835
     ],
     [
      6.1710843,
      43.0022109
     ],
     [
      6.1712341,
      43.0022223
     ],
     [
      6.1712919,
      43.0022537
     ],
     [
      6.1713777,
      43.0022831
     ],
     [
      6.1714716,
      43.0022674
     ],
     [
      6.1715453,
      43.0021998
     ],
     [
      6.1716526,
      43.0021134
     ],
     [
      6.1717854,
      43.0021242
     ],
     [
      6.1719302,
      43.0020664
     ],
     [
      6.1720858,
      43.0020771
     ],
     [
      6.1722789,
      43.0021242
     ],
     [
      6.1724613,
      43.0021831
     ],
     [
      6.17264,
      43.0022168
     ],
     [
      6.1727768,
      43.0022129
     ],
     [
      6.1729404,
      43.0021815
     ],
     [
      6.1730236,
      43.0021422
     ],
     [
      6.1731309,
      43.0021011
     ],
     [
      6.1734054,
      43.0020104
     ],
     [
      6.1735127,
      43.0019359
     ],
     [
      6.1735493,
      43.0017715
     ],
     [
      6.1735868,
      43.0016695
     ],
     [
      6.173678,
      43.0016028
     ],
     [
      6.1739087,
      43.0015008
     ],
     [
      6.1741367,
      43.0014165
     ],
     [
      6.1743647,
      43.00134
     ],
     [
      6.1745042,
      43.001289
     ],
     [
      6.1746919,
      43.0012536
     ],
     [
      6.1748448,
      43.0012105
     ],
     [
      6.1750969,
      43.0011791
     ],
     [
      6.1752454,
      43.0012101
     ],
     [
      6.1754,
      43.0012438
     ],
     [
      6.1755314,
      43.0013066
     ],
     [
      6.1757031,
      43.0013184
     ],
     [
      6.175797,
      43.0013007
     ],
     [
      6.1759338,
      43.001236
     ],
     [
      6.1759981,
      43.0011634
     ],
     [
      6.1760179,
      43.0010845
     ],
     [
      6.1764353,
      43.0009829
     ],
     [
      6.1765373,
      43.0009319
     ],
     [
      6.1767304,
      43.0008966
     ],
     [
      6.1769584,
      43.000826
     ],
     [
      6.1771005,
      43.0007887
     ],
     [
      6.1772454,
      43.0007554
     ],
     [
      6.1774063,
      43.0006966
     ],
     [
      6.1775833,
      43.0006554
     ],
     [
      6.1778757,
      43.0005828
     ],
     [
      6.1781117,
      43.0004827
     ],
     [
      6.1784828,
      43.0002293
     ]
    ]
   }
  },
  {
   "type": "Feature",
   "properties": {
    "osm_id": 48364388,
    "nom": null,
    "type": "track",
    "sac_scale": null,
    "surface": "compacted",
    "acces": null,
    "velo": null
   },
   "geometry": {
    "type": "LineString",
    "coordinates": [
     [
      6.1771391,
      43.0059139
     ],
     [
      6.1769855,
      43.0060998
     ],
     [
      6.1769531,
      43.0062694
     ],
     [
      6.1769855,
      43.0064431
     ],
     [
      6.1768054,
      43.0066004
     ],
     [
      6.1768004,
      43.006649
     ]
    ]
   }
  },
  {
   "type": "Feature",
   "properties": {
    "osm_id": 48364389,
    "nom": null,
    "type": "path",
    "sac_scale": null,
    "surface": "dirt",
    "acces": null,
    "velo": "no"
   },
   "geometry": {
    "type": "LineString",
    "coordinates": [
     [
      6.1839738,
      43.0064485
     ],
     [
      6.1840972,
      43.0065132
     ],
     [
      6.1841991,
      43.0065015
     ],
     [
      6.1843332,
      43.0065407
     ],
     [
      6.1844055,
      43.0065733
     ],
     [
      6.1845464,
      43.0066047
     ],
     [
      6.1846939,
      43.0066027
     ],
     [
      6.1847797,
      43.0066174
     ]
    ]
   }
  },
  {
   "type": "Feature",
   "properties": {
    "osm_id": 48364390,
    "nom": null,
    "type": "path",
    "sac_scale": null,
    "surface": "dirt",
    "acces": null,
    "velo": "no"
   },
   "geometry": {
    "type": "LineString",
    "coordinates": [
     [
      6.1844593,
      43.0059111
     ],
     [
      6.1845505,
      43.0059366
     ],
     [
      6.18458,
      43.0060307
     ],
     [
      6.1847061,
      43.0061288
     ],
     [
      6.1848705,
      43.006214
     ],
     [
      6.1849428,
      43.0062426
     ]
    ]
   }
  },
  {
   "type": "Feature",
   "properties": {
    "osm_id": 48409256,
    "nom": null,
    "type": "path",
    "sac_scale": "hiking",
    "surface": "dirt",
    "acces": null,
    "velo": null
   },
   "geometry": {
    "type": "LineString",
    "coordinates": [
     [
      6.1925307,
      42.9987071
     ],
     [
      6.192296,
      42.998763
     ],
     [
      6.1920017,
      42.9986768
     ],
     [
      6.1917918,
      42.9986845
     ],
     [
      6.1915423,
      42.9986884
     ],
     [
      6.1912238,
      42.9985709
     ],
     [
      6.1910407,
      42.9984511
     ],
     [
      6.1907296,
      42.9983746
     ],
     [
      6.1904372,
      42.9984157
     ]
    ]
   }
  },
  {
   "type": "Feature",
   "properties": {
    "osm_id": 48461062,
    "nom": null,
    "type": "track",
    "sac_scale": null,
    "surface": null,
    "acces": null,
    "velo": null
   },
   "geometry": {
    "type": "LineString",
    "coordinates": [
     [
      6.2054613,
      42.9933909
     ],
     [
      6.205477,
      42.9936333
     ],
     [
      6.2054971,
      42.9938874
     ],
     [
      6.2056901,
      42.9949534
     ],
     [
      6.2057693,
      42.9954176
     ],
     [
      6.2057519,
      42.9955147
     ],
     [
      6.2057036,
      42.9956197
     ]
    ]
   }
  },
  {
   "type": "Feature",
   "properties": {
    "osm_id": 48461063,
    "nom": null,
    "type": "track",
    "sac_scale": null,
    "surface": null,
    "acces": null,
    "velo": null
   },
   "geometry": {
    "type": "LineString",
    "coordinates": [
     [
      6.2077349,
      42.9954841
     ],
     [
      6.2069102,
      42.9955302
     ],
     [
      6.2065351,
      42.9955726
     ],
     [
      6.2058498,
      42.9956461
     ],
     [
      6.2057036,
      42.9956197
     ],
     [
      6.2045409,
      42.9957256
     ],
     [
      6.2042633,
      42.9957746
     ],
     [
      6.2040621,
      42.9958193
     ],
     [
      6.2038676,
      42.9958399
     ],
     [
      6.2035867,
      42.9958423
     ],
     [
      6.2034137,
      42.9958791
     ],
     [
      6.20313,
      42.9959591
     ]
    ]
   }
  },
  {
   "type": "Feature",
   "properties": {
    "osm_id": 48461084,
    "nom": null,
    "type": "path",
    "sac_scale": "hiking",
    "surface": null,
    "acces": null,
    "velo": null
   },
   "geometry": {
    "type": "LineString",
    "coordinates": [
     [
      6.2072895,
      42.9895694
     ],
     [
      6.2069172,
      42.989419
     ],
     [
      6.2065824,
      42.9892612
     ],
     [
      6.2062359,
      42.9891443
     ],
     [
      6.2060565,
      42.9891652
     ],
     [
      6.2058657,
      42.989211
     ],
     [
      6.2056373,
      42.9892084
     ],
     [
      6.2053476,
      42.9892241
     ],
     [
      6.2048433,
      42.9893497
     ],
     [
      6.2045112,
      42.9894288
     ],
     [
      6.2040445,
      42.989468
     ],
     [
      6.2037773,
      42.9895687
     ]
    ]
   }
  },
  {
   "type": "Feature",
   "properties": {
    "osm_id": 48461088,
    "nom": null,
    "type": "track",
    "sac_scale": null,
    "surface": null,
    "acces": null,
    "velo": null
   },
   "geometry": {
    "type": "LineString",
    "coordinates": [
     [
      6.2016307,
      42.9968191
     ],
     [
      6.2015983,
      42.9965635
     ],
     [
      6.2014537,
      42.9957846
     ],
     [
      6.2012833,
      42.9947536
     ]
    ]
   }
  },
  {
   "type": "Feature",
   "properties": {
    "osm_id": 48544792,
    "nom": null,
    "type": "track",
    "sac_scale": null,
    "surface": null,
    "acces": null,
    "velo": null
   },
   "geometry": {
    "type": "LineString",
    "coordinates": [
     [
      6.2244995,
      43.0037398
     ],
     [
      6.224534,
      43.003676
     ],
     [
      6.2248937,
      43.0033837
     ],
     [
      6.2250761,
      43.003066
     ],
     [
      6.2251055,
      43.0028786
     ]
    ]
   }
  },
  {
   "type": "Feature",
   "properties": {
    "osm_id": 48573327,
    "nom": null,
    "type": "track",
    "sac_scale": "mountain_hiking",
    "surface": null,
    "acces": null,
    "velo": null
   },
   "geometry": {
    "type": "LineString",
    "coordinates": [
     [
      6.2373915,
      43.0174415
     ],
     [
      6.2375107,
      43.0175432
     ],
     [
      6.2377841,
      43.0180729
     ],
     [
      6.2379099,
      43.018211
     ],
     [
      6.2380978,
      43.0182754
     ],
     [
      6.2383424,
      43.0182939
     ],
     [
      6.2386885,
      43.0182371
     ],
     [
      6.2389594,
      43.0180488
     ],
     [
      6.2392058,
      43.017817
     ],
     [
      6.2393917,
      43.0177589
     ],
     [
      6.2398101,
      43.0177708
     ],
     [
      6.2399469,
      43.0178375
     ],
     [
      6.2401373,
      43.0180492
     ],
     [
      6.2404163,
      43.0182826
     ],
     [
      6.240503,
      43.0183949
     ]
    ]
   }
  },
  {
   "type": "Feature",
   "properties": {
    "osm_id": 48573328,
    "nom": null,
    "type": "path",
    "sac_scale": "hiking",
    "surface": null,
    "acces": null,
    "velo": null
   },
   "geometry": {
    "type": "LineString",
    "coordinates": [
     [
      6.2375858,
      43.0092107
     ],
     [
      6.2373062,
      43.0095902
     ],
     [
      6.2365122,
      43.0104218
     ],
     [
      6.2357719,
      43.0111435
     ],
     [
      6.2352244,
      43.0116445
     ]
    ]
   }
  },
  {
   "type": "Feature",
   "properties": {
    "osm_id": 48573331,
    "nom": null,
    "type": "path",
    "sac_scale": "mountain_hiking",
    "surface": null,
    "acces": null,
    "velo": null
   },
   "geometry": {
    "type": "LineString",
    "coordinates": [
     [
      6.2339978,
      43.0013873
     ],
     [
      6.2308689,
      43.0010506
     ]
    ]
   }
  },
  {
   "type": "Feature",
   "properties": {
    "osm_id": 48573333,
    "nom": null,
    "type": "path",
    "sac_scale": null,
    "surface": null,
    "acces": null,
    "velo": null
   },
   "geometry": {
    "type": "LineString",
    "coordinates": [
     [
      6.2500597,
      43.0052554
     ],
     [
      6.2502528,
      43.005428
     ],
     [
      6.250403,
      43.005734
     ],
     [
      6.2502753,
      43.0059683
     ],
     [
      6.2496111,
      43.0060657
     ],
     [
      6.2494226,
      43.0062611
     ]
    ]
   }
  },
  {
   "type": "Feature",
   "properties": {
    "osm_id": 48573334,
    "nom": null,
    "type": "path",
    "sac_scale": "hiking",
    "surface": null,
    "acces": "private",
    "velo": null
   },
   "geometry": {
    "type": "LineString",
    "coordinates": [
     [
      6.2404131,
      43.0056454
     ],
     [
      6.2403179,
      43.0060871
     ],
     [
      6.2402964,
      43.0064715
     ],
     [
      6.2402695,
      43.0066576
     ],
     [
      6.2402535,
      43.0070364
     ],
     [
      6.237695,
      43.0072738
     ],
     [
      6.237327,
      43.0071735
     ]
    ]
   }
  },
  {
   "type": "Feature",
   "properties": {
    "osm_id": 48573338,
    "nom": "Route du Sémaphore",
    "type": "track",
    "sac_scale": "mountain_hiking",
    "surface": null,
    "acces": null,
    "velo": null
   },
   "geometry": {
    "type": "LineString",
    "coordinates": [
     [
      6.2250993,
      43.0023828
     ],
     [
      6.2249448,
      43.0022416
     ],
     [
      6.2249034,
      43.0020861
     ],
     [
      6.2248283,
      43.0021195
     ],
     [
      6.2246594,
      43.0023255
     ],
     [
      6.224632,
      43.0023767
     ],
     [
      6.2246235,
      43.0025348
     ]
    ]
   }
  },
  {
   "type": "Feature",
   "properties": {
    "osm_id": 48598545,
    "nom": null,
    "type": "path",
    "sac_scale": null,
    "surface": null,
    "acces": null,
    "velo": null
   },
   "geometry": {
    "type": "LineString",
    "coordinates": [
     [
      6.2412098,
      43.0040272
     ],
     [
      6.2399476,
      43.0038853
     ],
     [
      6.2387143,
      43.003705
     ],
     [
      6.2358148,
      43.0034067
     ],
     [
      6.2357108,
      43.0034572
     ],
     [
      6.2355887,
      43.0036358
     ],
     [
      6.2352843,
      43.0035896
     ]
    ]
   }
  },
  {
   "type": "Feature",
   "properties": {
    "osm_id": 48598546,
    "nom": null,
    "type": "path",
    "sac_scale": "hiking",
    "surface": null,
    "acces": null,
    "velo": "yes"
   },
   "geometry": {
    "type": "LineString",
    "coordinates": [
     [
      6.2323145,
      43.00898
     ],
     [
      6.2321636,
      43.0091878
     ],
     [
      6.2320436,
      43.009482
     ],
     [
      6.2320093,
      43.0097373
     ],
     [
      6.2320456,
      43.0099508
     ],
     [
      6.2319056,
      43.0100683
     ],
     [
      6.2316975,
      43.0101711
     ],
     [
      6.2313482,
      43.010396
     ]
    ]
   }
  },
  {
   "type": "Feature",
   "properties": {
    "osm_id": 48598547,
    "nom": null,
    "type": "path",
    "sac_scale": null,
    "surface": null,
    "acces": null,
    "velo": null
   },
   "geometry": {
    "type": "LineString",
    "coordinates": [
     [
      6.233765,
      43.0091456
     ],
     [
      6.233749,
      43.0088995
     ],
     [
      6.2338885,
      43.0082346
     ],
     [
      6.2340906,
      43.007495
     ],
     [
      6.2342745,
      43.0071853
     ],
     [
      6.2343898,
      43.0070793
     ],
     [
      6.2345803,
      43.0070126
     ],
     [
      6.2348619,
      43.0070342
     ],
     [
      6.2350631,
      43.0070068
     ],
     [
      6.237327,
      43.0071735
     ]
    ]
   }
  },
  {
   "type": "Feature",
   "properties": {
    "osm_id": 48624556,
    "nom": null,
    "type": "track",
    "sac_scale": null,
    "surface": null,
    "acces": "private",
    "velo": null
   },
   "geometry": {
    "type": "LineString",
    "coordinates": [
     [
      6.183356,
      42.9974185
     ],
     [
      6.1838771,
      42.9981768
     ],
     [
      6.1844203,
      42.9990223
     ],
     [
      6.1848897,
      42.9996794
     ],
     [
      6.184946,
      42.9999031
     ],
     [
      6.1850265,
      43.0000786
     ],
     [
      6.1852236,
      43.0002817
     ],
     [
      6.1852652,
      43.0004151
     ],
     [
      6.185296,
      43.0005612
     ],
     [
      6.1853108,
      43.0009153
     ],
     [
      6.1853752,
      43.0011615
     ],
     [
      6.1853872,
      43.0013007
     ],
     [
      6.185296,
      43.0013449
     ],
     [
      6.1851958,
      43.0014287
     ],
     [
      6.1851394,
      43.0015239
     ],
     [
      6.1851338,
      43.0015959
     ],
     [
      6.1851874,
      43.001851
     ],
     [
      6.1852458,
      43.0020706
     ]
    ]
   }
  },
  {
   "type": "Feature",
   "properties": {
    "osm_id": 48624557,
    "nom": null,
    "type": "track",
    "sac_scale": null,
    "surface": null,
    "acces": "private",
    "velo": null
   },
   "geometry": {
    "type": "LineString",
    "coordinates": [
     [
      6.1873017,
      43.0030001
     ],
     [
      6.1869847,
      43.002821
     ],
     [
      6.1865722,
      43.0026944
     ],
     [
      6.1864,
      43.0024914
     ],
     [
      6.1861687,
      43.0019829
     ]
    ]
   }
  },
  {
   "type": "Feature",
   "properties": {
    "osm_id": 48624560,
    "nom": null,
    "type": "path",
    "sac_scale": null,
    "surface": null,
    "acces": null,
    "velo": null
   },
   "geometry": {
    "type": "LineString",
    "coordinates": [
     [
      6.1626007,
      43.000722
     ],
     [
      6.1625398,
      43.0008119
     ],
     [
      6.1624513,
      43.0009139
     ],
     [
      6.1622904,
      43.0010002
     ],
     [
      6.162116,
      43.0011042
     ],
     [
      6.1619283,
      43.0011748
     ],
     [
      6.1615447,
      43.0013278
     ],
     [
      6.1614989,
      43.0013823
     ],
     [
      6.1613931,
      43.00142
     ],
     [
      6.1612904,
      43.0013979
     ],
     [
      6.1613172,
      43.0012927
     ]
    ]
   }
  },
  {
   "type": "Feature",
   "properties": {
    "osm_id": 48670661,
    "nom": null,
    "type": "path",
    "sac_scale": null,
    "surface": null,
    "acces": null,
    "velo": null
   },
   "geometry": {
    "type": "LineString",
    "coordinates": [
     [
      6.1850838,
      42.9968242
     ],
     [
      6.1846962,
      42.9968238
     ],
     [
      6.1834417,
      42.9973355
     ],
     [
      6.183356,
      42.9974185
     ],
     [
      6.1817243,
      42.9981813
     ],
     [
      6.1814298,
      42.9982058
     ]
    ]
   }
  },
  {
   "type": "Feature",
   "properties": {
    "osm_id": 48733777,
    "nom": null,
    "type": "path",
    "sac_scale": "hiking",
    "surface": "dirt",
    "acces": null,
    "velo": null
   },
   "geometry": {
    "type": "LineString",
    "coordinates": [
     [
      6.2123406,
      43.0020334
     ],
     [
      6.2124186,
      43.0022293
     ],
     [
      6.2126305,
      43.0024707
     ]
    ]
   }
  },
  {
   "type": "Feature",
   "properties": {
    "osm_id": 48733780,
    "nom": null,
    "type": "path",
    "sac_scale": null,
    "surface": "dirt",
    "acces": null,
    "velo": null
   },
   "geometry": {
    "type": "LineString",
    "coordinates": [
     [
      6.1699493,
      43.0008549
     ],
     [
      6.1696735,
      43.0009319
     ],
     [
      6.1693906,
      43.0010661
     ],
     [
      6.1690288,
      43.0012786
     ],
     [
      6.1688732,
      43.0014218
     ]
    ]
   }
  },
  {
   "type": "Feature",
   "properties": {
    "osm_id": 48789062,
    "nom": null,
    "type": "path",
    "sac_scale": "mountain_hiking",
    "surface": null,
    "acces": null,
    "velo": null
   },
   "geometry": {
    "type": "LineString",
    "coordinates": [
     [
      6.1645827,
      42.9991067
     ],
     [
      6.1645451,
      42.9991263
     ],
     [
      6.1644553,
      42.9991478
     ],
     [
      6.1643654,
      42.999186
     ],
     [
      6.1643289,
      42.9991882
     ],
     [
      6.164293,
      42.9991762
     ],
     [
      6.1642302,
      42.9991388
     ],
     [
      6.164175,
      42.999088
     ],
     [
      6.1641488,
      42.9990712
     ],
     [
      6.1641361,
      42.9990537
     ],
     [
      6.1641157,
      42.9989817
     ],
     [
      6.1641052,
      42.9989673
     ],
     [
      6.1640844,
      42.9989495
     ],
     [
      6.1640109,
      42.9988991
     ]
    ]
   }
  },
  {
   "type": "Feature",
   "properties": {
    "osm_id": 48789506,
    "nom": "Chemin des Crêtes du Langoustier",
    "type": "track",
    "sac_scale": null,
    "surface": "compacted",
    "acces": null,
    "velo": null
   },
   "geometry": {
    "type": "LineString",
    "coordinates": [
     [
      6.1781045,
      42.9998592
     ],
     [
      6.1780685,
      42.9999321
     ],
     [
      6.1780629,
      43.0000054
     ],
     [
      6.1780348,
      43.0001035
     ],
     [
      6.1780393,
      43.0001571
     ],
     [
      6.1781367,
      43.0001898
     ],
     [
      6.1782534,
      43.0001976
     ],
     [
      6.1784828,
      43.0002293
     ],
     [
      6.1785197,
      43.0002494
     ],
     [
      6.1784741,
      43.0003887
     ],
     [
      6.1784872,
      43.0004474
     ],
     [
      6.1785982,
      43.0005275
     ],
     [
      6.1786143,
      43.0006216
     ],
     [
      6.1785593,
      43.0007093
     ],
     [
      6.1783421,
      43.000837
     ],
     [
      6.1781995,
      43.0008759
     ],
     [
      6.1780271,
      43.0010052
     ],
     [
      6.1779443,
      43.0011271
     ],
     [
      6.1779162,
      43.0013361
     ],
     [
      6.1779723,
      43.001491
     ],
     [
      6.1779802,
      43.0016575
     ],
     [
      6.1780228,
      43.0017634
     ],
     [
      6.177844,
      43.0018552
     ],
     [
      6.1777546,
      43.0019642
     ],
     [
      6.1777567,
      43.0020623
     ],
     [
      6.1778572,
      43.0021856
     ],
     [
      6.1778998,
      43.0023051
     ],
     [
      6.1778725,
      43.0024144
     ],
     [
      6.1777864,
      43.0025269
     ],
     [
      6.1776365,
      43.0025791
     ],
     [
      6.177358,
      43.0025351
     ],
     [
      6.1772561,
      43.0025075
     ],
     [
      6.1771521,
      43.0024562
     ],
     [
      6.1767495,
      43.0023268
     ],
     [
      6.1763176,
      43.0023332
     ],
     [
      6.1759344,
      43.0023643
     ],
     [
      6.1756896,
      43.0023628
     ],
     [
      6.1755192,
      43.0022507
     ],
     [
      6.1754022,
      43.0021978
     ],
     [
      6.1752947,
      43.0022572
     ],
     [
      6.1751062,
      43.0024749
     ],
     [
      6.1748444,
      43.0026368
     ],
     [
      6.1746187,
      43.0026742
     ],
     [
      6.1744931,
      43.0027255
     ],
     [
      6.1743249,
      43.0029015
     ],
     [
      6.1741568,
      43.0029388
     ],
     [
      6.1739332,
      43.0029373
     ],
     [
      6.1736096,
      43.0028766
     ],
     [
      6.1734825,
      43.002867
     ],
     [
      6.1734179,
      43.0028876
     ],
     [
      6.1733565,
      43.0029122
     ],
     [
      6.1733468,
      43.0029494
     ],
     [
      6.1733983,
      43.0030019
     ],
     [
      6.1734798,
      43.0030836
     ],
     [
      6.1737055,
      43.0032311
     ],
     [
      6.1739526,
      43.0033384
     ],
     [
      6.1739687,
      43.0034345
     ],
     [
      6.1740407,
      43.0036391
     ],
     [
      6.1742067,
      43.0039451
     ],
     [
      6.1742959,
      43.0040308
     ],
     [
      6.1744837,
      43.004074
     ],
     [
      6.1746312,
      43.0040387
     ],
     [
      6.1749228,
      43.0039352
     ],
     [
      6.1751032,
      43.0039249
     ],
     [
      6.175232,
      43.0039896
     ],
     [
      6.1752072,
      43.0040922
     ],
     [
      6.1750007,
      43.0042883
     ],
     [
      6.1747751,
      43.0045216
     ],
     [
      6.1746252,
      43.0046963
     ],
     [
      6.174472,
      43.0048531
     ],
     [
      6.1744213,
      43.0050023
     ],
     [
      6.1743569,
      43.0053083
     ],
     [
      6.1741236,
      43.0054103
     ],
     [
      6.1739677,
      43.0054592
     ],
     [
      6.1737454,
      43.005528
     ],
     [
      6.1734752,
      43.0056628
     ],
     [
      6.1732382,
      43.0057475
     ],
     [
      6.1730299,
      43.0058275
     ]
    ]
   }
  },
  {
   "type": "Feature",
   "properties": {
    "osm_id": 48862753,
    "nom": null,
    "type": "path",
    "sac_scale": "mountain_hiking",
    "surface": null,
    "acces": null,
    "velo": null
   },
   "geometry": {
    "type": "LineString",
    "coordinates": [
     [
      6.218599,
      42.9933719
     ],
     [
      6.2190206,
      42.9933951
     ],
     [
      6.219328,
      42.9933696
     ],
     [
      6.2195415,
      42.9932885
     ],
     [
      6.2197126,
      42.9932411
     ],
     [
      6.219895,
      42.9931577
     ],
     [
      6.2200119,
      42.9931088
     ],
     [
      6.220239,
      42.993077
     ],
     [
      6.2203945,
      42.9930309
     ],
     [
      6.22053,
      42.9929082
     ],
     [
      6.2207772,
      42.9927579
     ],
     [
      6.2210717,
      42.992563
     ]
    ]
   }
  },
  {
   "type": "Feature",
   "properties": {
    "osm_id": 48862778,
    "nom": null,
    "type": "track",
    "sac_scale": null,
    "surface": "compacted",
    "acces": null,
    "velo": null
   },
   "geometry": {
    "type": "LineString",
    "coordinates": [
     [
      6.21752,
      42.9917879
     ],
     [
      6.2175657,
      42.9918938
     ],
     [
      6.2174342,
      42.9920606
     ],
     [
      6.2173339,
      42.992304
     ],
     [
      6.2172939,
      42.9924395
     ],
     [
      6.2169835,
      42.9926732
     ],
     [
      6.2168722,
      42.9928301
     ],
     [
      6.2166912,
      42.993069
     ],
     [
      6.2165893,
      42.9935163
     ]
    ]
   }
  },
  {
   "type": "Feature",
   "properties": {
    "osm_id": 48891050,
    "nom": null,
    "type": "steps",
    "sac_scale": "hiking",
    "surface": null,
    "acces": null,
    "velo": null
   },
   "geometry": {
    "type": "LineString",
    "coordinates": [
     [
      6.2181731,
      43.0092851
     ],
     [
      6.2182514,
      43.0094311
     ]
    ]
   }
  },
  {
   "type": "Feature",
   "properties": {
    "osm_id": 48891051,
    "nom": null,
    "type": "path",
    "sac_scale": "hiking",
    "surface": null,
    "acces": null,
    "velo": null
   },
   "geometry": {
    "type": "LineString",
    "coordinates": [
     [
      6.2193258,
      43.010051
     ],
     [
      6.2186226,
      43.010116
     ],
     [
      6.2184882,
      43.0102221
     ],
     [
      6.2181116,
      43.010297
     ],
     [
      6.2179583,
      43.0103223
     ],
     [
      6.2178269,
      43.0100998
     ],
     [
      6.217882,
      43.0099683
     ]
    ]
   }
  },
  {
   "type": "Feature",
   "properties": {
    "osm_id": 48891053,
    "nom": null,
    "type": "path",
    "sac_scale": "hiking",
    "surface": null,
    "acces": null,
    "velo": null
   },
   "geometry": {
    "type": "LineString",
    "coordinates": [
     [
      6.2177643,
      43.0119052
     ],
     [
      6.2179489,
      43.0119486
     ],
     [
      6.2181863,
      43.0119777
     ],
     [
      6.21835,
      43.011976
     ],
     [
      6.2186328,
      43.0118771
     ],
     [
      6.2189105,
      43.0118742
     ],
     [
      6.2192162,
      43.0119272
     ],
     [
      6.2195716,
      43.0119497
     ],
     [
      6.2197561,
      43.0120273
     ],
     [
      6.2200253,
      43.0120464
     ],
     [
      6.2201741,
      43.0121278
     ],
     [
      6.220314,
      43.0121361
     ],
     [
      6.2206225,
      43.0123053
     ],
     [
      6.2209091,
      43.0124191
     ],
     [
      6.2211438,
      43.0123651
     ],
     [
      6.2212886,
      43.0123475
     ],
     [
      6.2214151,
      43.0123727
     ]
    ]
   }
  },
  {
   "type": "Feature",
   "properties": {
    "osm_id": 48891056,
    "nom": null,
    "type": "track",
    "sac_scale": null,
    "surface": null,
    "acces": null,
    "velo": null
   },
   "geometry": {
    "type": "LineString",
    "coordinates": [
     [
      6.2251055,
      43.0028786
     ],
     [
      6.225269,
      43.002771
     ],
     [
      6.225535,
      43.002545
     ],
     [
      6.226019,
      43.002309
     ],
     [
      6.226193,
      43.002251
     ],
     [
      6.226763,
      43.001964
     ],
     [
      6.22687,
      43.001933
     ],
     [
      6.227026,
      43.001942
     ],
     [
      6.227326,
      43.002012
     ],
     [
      6.227842,
      43.002211
     ],
     [
      6.228028,
      43.002251
     ],
     [
      6.228198,
      43.002259
     ],
     [
      6.228452,
      43.002248
     ],
     [
      6.228634,
      43.00226
     ],
     [
      6.228791,
      43.002298
     ],
     [
      6.228843,
      43.002354
     ],
     [
      6.228817,
      43.00242
     ],
     [
      6.228773,
      43.002449
     ],
     [
      6.228458,
      43.002519
     ],
     [
      6.227938,
      43.002727
     ],
     [
      6.227606,
      43.002806
     ],
     [
      6.227442,
      43.002877
     ],
     [
      6.227399,
      43.002918
     ],
     [
      6.227365,
      43.002982
     ],
     [
      6.22737,
      43.003047
     ],
     [
      6.227405,
      43.003099
     ],
     [
      6.227501,
      43.003169
     ],
     [
      6.227585,
      43.003202
     ],
     [
      6.22788,
      43.003252
     ],
     [
      6.228027,
      43.003335
     ],
     [
      6.228337,
      43.003651
     ],
     [
      6.22855,
      43.003833
     ],
     [
      6.228684,
      43.003909
     ],
     [
      6.22895,
      43.003993
     ],
     [
      6.229338,
      43.004055
     ],
     [
      6.229427,
      43.004083
     ],
     [
      6.229516,
      43.004139
     ],
     [
      6.229572,
      43.004216
     ],
     [
      6.229704,
      43.004511
     ],
     [
      6.2297702,
      43.0046706
     ],
     [
      6.2298718,
      43.0047432
     ]
    ]
   }
  },
  {
   "type": "Feature",
   "properties": {
    "osm_id": 48894285,
    "nom": "Chemin de l'Alycastre",
    "type": "track",
    "sac_scale": null,
    "surface": null,
    "acces": null,
    "velo": null
   },
   "geometry": {
    "type": "LineString",
    "coordinates": [
     [
      6.2218493,
      43.0124099
     ],
     [
      6.2217903,
      43.0123329
     ],
     [
      6.2215463,
      43.0123148
     ],
     [
      6.2214545,
      43.0121241
     ],
     [
      6.221366,
      43.0119005
     ],
     [
      6.2212712,
      43.011763
     ],
     [
      6.2211338,
      43.0116554
     ],
     [
      6.2210311,
      43.0115777
     ],
     [
      6.2210575,
      43.0114808
     ],
     [
      6.2211245,
      43.0112886
     ],
     [
      6.2211058,
      43.0109669
     ],
     [
      6.2209958,
      43.0107051
     ],
     [
      6.2208094,
      43.0103858
     ]
    ]
   }
  },
  {
   "type": "Feature",
   "properties": {
    "osm_id": 48904446,
    "nom": "Chemin de Siménon",
    "type": "path",
    "sac_scale": "hiking",
    "surface": "dirt",
    "acces": null,
    "velo": "no"
   },
   "geometry": {
    "type": "LineString",
    "coordinates": [
     [
      6.1961436,
      43.0030079
     ],
     [
      6.1962302,
      43.003161
     ],
     [
      6.1962032,
      43.0032133
     ],
     [
      6.1960558,
      43.0032228
     ],
     [
      6.1959818,
      43.0032735
     ],
     [
      6.1957006,
      43.0033272
     ],
     [
      6.1955019,
      43.0034337
     ],
     [
      6.1954,
      43.0034651
     ],
     [
      6.1953383,
      43.0034455
     ],
     [
      6.1952576,
      43.0035171
     ],
     [
      6.1951935,
      43.0036691
     ],
     [
      6.1951559,
      43.003773
     ],
     [
      6.194988,
      43.0038551
     ],
     [
      6.1948716,
      43.0039064
     ],
     [
      6.1947053,
      43.0038947
     ],
     [
      6.1946034,
      43.0037769
     ],
     [
      6.1945471,
      43.0036808
     ],
     [
      6.1944076,
      43.0035887
     ],
     [
      6.1942493,
      43.0036218
     ],
     [
      6.1941214,
      43.0036311
     ],
     [
      6.1940388,
      43.0036592
     ],
     [
      6.1939594,
      43.0036871
     ],
     [
      6.1938691,
      43.0037137
     ],
     [
      6.193746,
      43.0037465
     ],
     [
      6.193619,
      43.0037887
     ],
     [
      6.1935332,
      43.0037711
     ],
     [
      6.193383,
      43.0038064
     ],
     [
      6.1932999,
      43.0039005
     ],
     [
      6.1932462,
      43.0040378
     ],
     [
      6.1932274,
      43.0042242
     ],
     [
      6.1931041,
      43.0046322
     ],
     [
      6.192911,
      43.0047891
     ],
     [
      6.1927232,
      43.0047597
     ],
     [
      6.1925086,
      43.0047401
     ],
     [
      6.1922897,
      43.0046906
     ],
     [
      6.1921519,
      43.0047322
     ],
     [
      6.1917899,
      43.0046845
     ],
     [
      6.1916944,
      43.0046265
     ],
     [
      6.191563,
      43.0045206
     ],
     [
      6.1914631,
      43.0045167
     ],
     [
      6.1910292,
      43.0045137
     ],
     [
      6.1908361,
      43.0045128
     ],
     [
      6.1907047,
      43.0045638
     ],
     [
      6.1904955,
      43.0045834
     ],
     [
      6.1902621,
      43.0045716
     ],
     [
      6.1900087,
      43.0045422
     ],
     [
      6.1898223,
      43.0044892
     ],
     [
      6.1896734,
      43.0044206
     ],
     [
      6.1896493,
      43.0043098
     ]
    ]
   }
  },
  {
   "type": "Feature",
   "properties": {
    "osm_id": 48948478,
    "nom": null,
    "type": "track",
    "sac_scale": null,
    "surface": null,
    "acces": "private",
    "velo": null
   },
   "geometry": {
    "type": "LineString",
    "coordinates": [
     [
      6.2165838,
      42.9951682
     ],
     [
      6.2158892,
      42.9948444
     ],
     [
      6.2153018,
      42.994611
     ],
     [
      6.2150283,
      42.9944658
     ],
     [
      6.214978,
      42.9943587
     ]
    ]
   }
  },
  {
   "type": "Feature",
   "properties": {
    "osm_id": 48966848,
    "nom": "Sentier de la Batterie Haute",
    "type": "path",
    "sac_scale": "hiking",
    "surface": null,
    "acces": null,
    "velo": null
   },
   "geometry": {
    "type": "LineString",
    "coordinates": [
     [
      6.2430824,
      43.0147702
     ],
     [
      6.2429161,
      43.014731
     ],
     [
      6.2422831,
      43.0147114
     ],
     [
      6.2395415,
      43.0145918
     ],
     [
      6.2385977,
      43.0145506
     ],
     [
      6.2371547,
      43.0144839
     ],
     [
      6.2364931,
      43.0144687
     ]
    ]
   }
  },
  {
   "type": "Feature",
   "properties": {
    "osm_id": 49103852,
    "nom": "Boucle de Brégançonnet",
    "type": "track",
    "sac_scale": null,
    "surface": null,
    "acces": null,
    "velo": null
   },
   "geometry": {
    "type": "LineString",
    "coordinates": [
     [
      6.189058,
      43.0023871
     ],
     [
      6.1890252,
      43.0022851
     ],
     [
      6.1890092,
      43.0022168
     ],
     [
      6.1889647,
      43.0018585
     ],
     [
      6.1889802,
      43.0017446
     ],
     [
      6.1890814,
      43.0016162
     ],
     [
      6.1892329,
      43.0015024
     ],
     [
      6.1894046,
      43.0013484
     ],
     [
      6.1895199,
      43.0012288
     ],
     [
      6.1895408,
      43.0011404
     ],
     [
      6.1894657,
      43.0009207
     ],
     [
      6.1893155,
      43.0007952
     ],
     [
      6.1889614,
      43.0006932
     ],
     [
      6.1888627,
      43.0006285
     ],
     [
      6.1888038,
      43.0004872
     ],
     [
      6.1888615,
      43.0002273
     ],
     [
      6.188785,
      42.9999233
     ],
     [
      6.1887866,
      42.9997
     ],
     [
      6.1886926,
      42.9995735
     ],
     [
      6.1885894,
      42.9995107
     ],
     [
      6.1883588,
      42.9994794
     ],
     [
      6.1881433,
      42.999422
     ],
     [
      6.1878386,
      42.9992799
     ],
     [
      6.1877274,
      42.9991586
     ],
     [
      6.1877137,
      42.9990076
     ],
     [
      6.18777,
      42.9988232
     ],
     [
      6.1878344,
      42.9986437
     ],
     [
      6.1878391,
      42.9984844
     ],
     [
      6.1878317,
      42.9984004
     ],
     [
      6.1878083,
      42.9983255
     ],
     [
      6.187792,
      42.9982509
     ],
     [
      6.1877157,
      42.9981842
     ],
     [
      6.187597,
      42.9981591
     ],
     [
      6.1875487,
      42.9981591
     ],
     [
      6.1874414,
      42.9981964
     ],
     [
      6.1872282,
      42.9983063
     ],
     [
      6.1870619,
      42.9983896
     ],
     [
      6.1870324,
      42.9984102
     ],
     [
      6.1866381,
      42.9986398
     ],
     [
      6.1865657,
      42.9986839
     ],
     [
      6.1865013,
      42.9987192
     ],
     [
      6.186445,
      42.998731
     ],
     [
      6.1863994,
      42.9987398
     ],
     [
      6.1863202,
      42.9987447
     ],
     [
      6.1861916,
      42.99873
     ],
     [
      6.1860682,
      42.9986691
     ],
     [
      6.1859595,
      42.9985603
     ],
     [
      6.1858951,
      42.9984328
     ],
     [
      6.1858522,
      42.9983347
     ],
     [
      6.1857986,
      42.9982346
     ],
     [
      6.1857235,
      42.998066
     ],
     [
      6.1857074,
      42.9979816
     ],
     [
      6.18569,
      42.997857
     ],
     [
      6.1856988,
      42.9977154
     ],
     [
      6.1857449,
      42.9975304
     ],
     [
      6.1857852,
      42.9974765
     ],
     [
      6.1857825,
      42.9974392
     ],
     [
      6.1857248,
      42.9973529
     ],
     [
      6.1855706,
      42.9972057
     ],
     [
      6.1852769,
      42.9970203
     ],
     [
      6.1850838,
      42.9968242
     ],
     [
      6.1850476,
      42.9967987
     ],
     [
      6.1849188,
      42.9966045
     ],
     [
      6.1847807,
      42.9964976
     ],
     [
      6.1843543,
      42.9963495
     ],
     [
      6.1842791,
      42.9963377
     ],
     [
      6.1840284,
      42.9962465
     ],
     [
      6.1839613,
      42.9961925
     ],
     [
      6.1838808,
      42.9959767
     ],
     [
      6.1838244,
      42.9958972
     ],
     [
      6.1837279,
      42.9958492
     ],
     [
      6.1836072,
      42.9958217
     ],
     [
      6.1834865,
      42.9958158
     ],
     [
      6.1833242,
      42.9958041
     ],
     [
      6.183217,
      42.9957835
     ],
     [
      6.1831244,
      42.9957227
     ],
     [
      6.1829622,
      42.9956001
     ],
     [
      6.1827663,
      42.9954696
     ],
     [
      6.1827187,
      42.9953815
     ],
     [
      6.1826405,
      42.9953502
     ],
     [
      6.1825279,
      42.9953855
     ],
     [
      6.1824938,
      42.9954724
     ],
     [
      6.1825333,
      42.995717
     ],
     [
      6.182493,
      42.9957975
     ],
     [
      6.1824234,
      42.9958531
     ]
    ]
   }
  },
  {
   "type": "Feature",
   "properties": {
    "osm_id": 49121683,
    "nom": null,
    "type": "path",
    "sac_scale": "hiking",
    "surface": null,
    "acces": null,
    "velo": null
   },
   "geometry": {
    "type": "LineString",
    "coordinates": [
     [
      6.213352,
      43.0033258
     ],
     [
      6.2136016,
      43.0033005
     ],
     [
      6.213717,
      43.0033275
     ],
     [
      6.2138758,
      43.0032386
     ],
     [
      6.2142506,
      43.0031865
     ],
     [
      6.2148219,
      43.0028688
     ]
    ]
   }
  },
  {
   "type": "Feature",
   "properties": {
    "osm_id": 49182810,
    "nom": "Chemin des Écoliers",
    "type": "path",
    "sac_scale": null,
    "surface": null,
    "acces": null,
    "velo": null
   },
   "geometry": {
    "type": "LineString",
    "coordinates": [
     [
      6.2038738,
      42.9999403
     ],
     [
      6.2041442,
      42.9988317
     ],
     [
      6.2035976,
      42.9985343
     ]
    ]
   }
  },
  {
   "type": "Feature",
   "properties": {
    "osm_id": 49240167,
    "nom": null,
    "type": "path",
    "sac_scale": null,
    "surface": "dirt",
    "acces": null,
    "velo": null
   },
   "geometry": {
    "type": "LineString",
    "coordinates": [
     [
      6.2081474,
      43.0012186
     ],
     [
      6.2081851,
      43.0014465
     ],
     [
      6.2082089,
      43.0015902
     ]
    ]
   }
  },
  {
   "type": "Feature",
   "properties": {
    "osm_id": 49240168,
    "nom": null,
    "type": "path",
    "sac_scale": null,
    "surface": "dirt",
    "acces": null,
    "velo": null
   },
   "geometry": {
    "type": "LineString",
    "coordinates": [
     [
      6.2096733,
      43.0013659
     ],
     [
      6.2096908,
      43.0017586
     ],
     [
      6.209747,
      43.0018079
     ],
     [
      6.2098033,
      43.0018769
     ],
     [
      6.2098105,
      43.001927
     ],
     [
      6.2098104,
      43.0020178
     ],
     [
      6.2097575,
      43.0020703
     ]
    ]
   }
  },
  {
   "type": "Feature",
   "properties": {
    "osm_id": 49242314,
    "nom": null,
    "type": "path",
    "sac_scale": "hiking",
    "surface": null,
    "acces": null,
    "velo": "no"
   },
   "geometry": {
    "type": "LineString",
    "coordinates": [
     [
      6.2150324,
      43.004622
     ],
     [
      6.2148558,
      43.0047111
     ],
     [
      6.2147461,
      43.0048281
     ]
    ]
   }
  },
  {
   "type": "Feature",
   "properties": {
    "osm_id": 49242443,
    "nom": null,
    "type": "path",
    "sac_scale": "hiking",
    "surface": null,
    "acces": null,
    "velo": null
   },
   "geometry": {
    "type": "LineString",
    "coordinates": [
     [
      6.2183366,
      43.0080725
     ],
     [
      6.2179691,
      43.0082454
     ],
     [
      6.2177503,
      43.0086295
     ]
    ]
   }
  },
  {
   "type": "Feature",
   "properties": {
    "osm_id": 49244047,
    "nom": null,
    "type": "track",
    "sac_scale": null,
    "surface": "compacted",
    "acces": null,
    "velo": null
   },
   "geometry": {
    "type": "LineString",
    "coordinates": [
     [
      6.2054502,
      42.9923621
     ],
     [
      6.2054651,
      42.9922103
     ],
     [
      6.2054959,
      42.991921
     ],
     [
      6.205513,
      42.9917167
     ],
     [
      6.2055463,
      42.991529
     ],
     [
      6.2057182,
      42.9912239
     ],
     [
      6.2058255,
      42.9909787
     ]
    ]
   }
  },
  {
   "type": "Feature",
   "properties": {
    "osm_id": 49322959,
    "nom": null,
    "type": "track",
    "sac_scale": null,
    "surface": null,
    "acces": null,
    "velo": null
   },
   "geometry": {
    "type": "LineString",
    "coordinates": [
     [
      6.1928588,
      42.9954564
     ],
     [
      6.1931459,
      42.995478
     ],
     [
      6.1934355,
      42.9955015
     ],
     [
      6.1936877,
      42.9955603
     ],
     [
      6.1937722,
      42.9956124
     ],
     [
      6.1938647,
      42.9957016
     ],
     [
      6.1938969,
      42.9958036
     ],
     [
      6.1940685,
      42.9959292
     ],
     [
      6.1941813,
      42.9959783
     ],
     [
      6.194428,
      42.9960303
     ],
     [
      6.1946345,
      42.9959724
     ],
     [
      6.1948786,
      42.9959155
     ],
     [
      6.1951361,
      42.9959095
     ],
     [
      6.1958639,
      42.9959306
     ],
     [
      6.1965126,
      42.9961055
     ]
    ]
   }
  },
  {
   "type": "Feature",
   "properties": {
    "osm_id": 49396227,
    "nom": null,
    "type": "path",
    "sac_scale": "mountain_hiking",
    "surface": null,
    "acces": null,
    "velo": null
   },
   "geometry": {
    "type": "LineString",
    "coordinates": [
     [
      6.2055923,
      43.0027362
     ],
     [
      6.2056857,
      43.0027608
     ],
     [
      6.2057219,
      43.0028177
     ],
     [
      6.2059137,
      43.0028471
     ],
     [
      6.2060679,
      43.0028775
     ],
     [
      6.2062637,
      43.0028373
     ],
     [
      6.2064447,
      43.0027765
     ],
     [
      6.2065427,
      43.0027108
     ],
     [
      6.2065355,
      43.0026241
     ],
     [
      6.2065329,
      43.0025645
     ],
     [
      6.2065956,
      43.0025103
     ],
     [
      6.2066534,
      43.0024987
     ],
     [
      6.2066747,
      43.0024882
     ],
     [
      6.2067189,
      43.0024304
     ],
     [
      6.2067765,
      43.002397
     ],
     [
      6.2068164,
      43.0023436
     ],
     [
      6.2068572,
      43.0023122
     ],
     [
      6.206896,
      43.0022754
     ],
     [
      6.2069136,
      43.0022515
     ],
     [
      6.206953,
      43.0022067
     ],
     [
      6.2069603,
      43.0021871
     ],
     [
      6.206991,
      43.0021365
     ],
     [
      6.2070381,
      43.0021273
     ],
     [
      6.2070581,
      43.0021044
     ],
     [
      6.2070564,
      43.002079
     ]
    ]
   }
  },
  {
   "type": "Feature",
   "properties": {
    "osm_id": 49396702,
    "nom": null,
    "type": "path",
    "sac_scale": "hiking",
    "surface": "sand",
    "acces": null,
    "velo": null
   },
   "geometry": {
    "type": "LineString",
    "coordinates": [
     [
      6.1896493,
      43.0043098
     ],
     [
      6.1896104,
      43.0042156
     ],
     [
      6.189369,
      43.004043
     ],
     [
      6.1890484,
      43.0039586
     ],
     [
      6.1889785,
      43.0039538
     ],
     [
      6.1887467,
      43.003938
     ],
     [
      6.1884034,
      43.0039694
     ],
     [
      6.1879608,
      43.0040852
     ],
     [
      6.1875088,
      43.0042803
     ],
     [
      6.1870864,
      43.0044833
     ],
     [
      6.1866725,
      43.0047004
     ],
     [
      6.1865178,
      43.0047815
     ],
     [
      6.18609,
      43.0050012
     ],
     [
      6.1856501,
      43.0052503
     ],
     [
      6.1855374,
      43.0053278
     ],
     [
      6.1854435,
      43.0054405
     ],
     [
      6.1853966,
      43.0055376
     ],
     [
      6.1854096,
      43.0055971
     ],
     [
      6.1854833,
      43.0056562
     ],
     [
      6.1855316,
      43.0057111
     ],
     [
      6.1855101,
      43.0057582
     ],
     [
      6.1854242,
      43.0058129
     ],
     [
      6.1853705,
      43.0058717
     ],
     [
      6.1853303,
      43.0059423
     ],
     [
      6.1852338,
      43.0060031
     ],
     [
      6.1850977,
      43.0060189
     ],
     [
      6.1850059,
      43.0060995
     ],
     [
      6.1848705,
      43.006214
     ]
    ]
   }
  },
  {
   "type": "Feature",
   "properties": {
    "osm_id": 49799270,
    "nom": null,
    "type": "track",
    "sac_scale": null,
    "surface": null,
    "acces": null,
    "velo": null
   },
   "geometry": {
    "type": "LineString",
    "coordinates": [
     [
      6.2452199,
      43.0107764
     ],
     [
      6.2452389,
      43.0108713
     ],
     [
      6.2452447,
      43.011004
     ],
     [
      6.2451745,
      43.0111086
     ],
     [
      6.2449336,
      43.0112609
     ],
     [
      6.2446279,
      43.0113865
     ],
     [
      6.2443395,
      43.011461
     ],
     [
      6.2441906,
      43.0115444
     ],
     [
      6.2441155,
      43.0116963
     ],
     [
      6.2440847,
      43.0118327
     ],
     [
      6.2441451,
      43.0121013
     ],
     [
      6.2441155,
      43.0123769
     ],
     [
      6.2440672,
      43.012526
     ],
     [
      6.2439734,
      43.0126524
     ],
     [
      6.2438232,
      43.0127731
     ],
     [
      6.2437105,
      43.0128918
     ],
     [
      6.2436877,
      43.0130418
     ],
     [
      6.2437481,
      43.0132438
     ],
     [
      6.2437441,
      43.0134017
     ],
     [
      6.2437025,
      43.0135262
     ],
     [
      6.2435657,
      43.0137576
     ],
     [
      6.2434155,
      43.013991
     ],
     [
      6.2431258,
      43.0143734
     ],
     [
      6.2430507,
      43.014548
     ],
     [
      6.2430824,
      43.0147702
     ],
     [
      6.2432286,
      43.014935
     ],
     [
      6.2432706,
      43.0150628
     ],
     [
      6.2435134,
      43.0151412
     ],
     [
      6.2436202,
      43.0152811
     ],
     [
      6.2438295,
      43.0153743
     ],
     [
      6.2439728,
      43.0155125
     ],
     [
      6.2440909,
      43.0158842
     ],
     [
      6.2440856,
      43.0162019
     ],
     [
      6.2442035,
      43.0164372
     ],
     [
      6.2443269,
      43.0167392
     ],
     [
      6.2443918,
      43.0169719
     ],
     [
      6.2445576,
      43.017104
     ],
     [
      6.2447883,
      43.0172177
     ],
     [
      6.2449707,
      43.0173982
     ],
     [
      6.2450672,
      43.0176884
     ],
     [
      6.2452352,
      43.0179674
     ]
    ]
   }
  },
  {
   "type": "Feature",
   "properties": {
    "osm_id": 49857281,
    "nom": null,
    "type": "track",
    "sac_scale": null,
    "surface": null,
    "acces": null,
    "velo": null
   },
   "geometry": {
    "type": "LineString",
    "coordinates": [
     [
      6.2012531,
      42.9947549
     ],
     [
      6.2010291,
      42.9932728
     ],
     [
      6.2008896,
      42.9927705
     ]
    ]
   }
  },
  {
   "type": "Feature",
   "properties": {
    "osm_id": 51139125,
    "nom": null,
    "type": "path",
    "sac_scale": "demanding_mountain_hiking",
    "surface": null,
    "acces": null,
    "velo": null
   },
   "geometry": {
    "type": "LineString",
    "coordinates": [
     [
      6.1796498,
      42.9938969
     ],
     [
      6.1794889,
      42.9940382
     ],
     [
      6.1799932,
      42.9941167
     ],
     [
      6.179961,
      42.9942187
     ],
     [
      6.1802185,
      42.9944698
     ],
     [
      6.1807281,
      42.9947719
     ],
     [
      6.181176,
      42.9950603
     ],
     [
      6.1814093,
      42.9951427
     ],
     [
      6.1815676,
      42.9951976
     ],
     [
      6.1819353,
      42.9952323
     ]
    ]
   }
  },
  {
   "type": "Feature",
   "properties": {
    "osm_id": 51660882,
    "nom": null,
    "type": "steps",
    "sac_scale": null,
    "surface": "wood",
    "acces": null,
    "velo": null
   },
   "geometry": {
    "type": "LineString",
    "coordinates": [
     [
      6.1681363,
      43.0005817
     ],
     [
      6.168041,
      43.000447
     ],
     [
      6.1680428,
      43.0004376
     ]
    ]
   }
  },
  {
   "type": "Feature",
   "properties": {
    "osm_id": 51660883,
    "nom": null,
    "type": "path",
    "sac_scale": null,
    "surface": "dirt",
    "acces": null,
    "velo": null
   },
   "geometry": {
    "type": "LineString",
    "coordinates": [
     [
      6.1680061,
      43.0005265
     ],
     [
      6.1677547,
      43.0008568
     ]
    ]
   }
  },
  {
   "type": "Feature",
   "properties": {
    "osm_id": 52018430,
    "nom": null,
    "type": "path",
    "sac_scale": "hiking",
    "surface": null,
    "acces": null,
    "velo": null
   },
   "geometry": {
    "type": "LineString",
    "coordinates": [
     [
      6.2150324,
      43.004622
     ],
     [
      6.2153154,
      43.0050828
     ]
    ]
   }
  },
  {
   "type": "Feature",
   "properties": {
    "osm_id": 52018431,
    "nom": null,
    "type": "path",
    "sac_scale": "mountain_hiking",
    "surface": null,
    "acces": null,
    "velo": "no"
   },
   "geometry": {
    "type": "LineString",
    "coordinates": [
     [
      6.2152485,
      43.0058862
     ],
     [
      6.2152907,
      43.0060203
     ],
     [
      6.2152545,
      43.0060914
     ],
     [
      6.2152907,
      43.0061817
     ],
     [
      6.2153202,
      43.0062542
     ],
     [
      6.2153959,
      43.0063504
     ],
     [
      6.215524,
      43.0064151
     ],
     [
      6.2156783,
      43.0065965
     ],
     [
      6.2156862,
      43.0067777
     ]
    ]
   }
  },
  {
   "type": "Feature",
   "properties": {
    "osm_id": 52018508,
    "nom": null,
    "type": "path",
    "sac_scale": "hiking",
    "surface": null,
    "acces": null,
    "velo": "no"
   },
   "geometry": {
    "type": "LineString",
    "coordinates": [
     [
      6.2132823,
      43.0034023
     ],
     [
      6.213352,
      43.0033258
     ]
    ]
   }
  },
  {
   "type": "Feature",
   "properties": {
    "osm_id": 52018782,
    "nom": null,
    "type": "path",
    "sac_scale": "hiking",
    "surface": null,
    "acces": null,
    "velo": null
   },
   "geometry": {
    "type": "LineString",
    "coordinates": [
     [
      6.2215463,
      43.0123148
     ],
     [
      6.2214151,
      43.0123727
     ],
     [
      6.2213914,
      43.0124368
     ],
     [
      6.2213834,
      43.0125516
     ],
     [
      6.2214549,
      43.0126122
     ],
     [
      6.221479,
      43.0127089
     ],
     [
      6.2215081,
      43.012727
     ],
     [
      6.2216441,
      43.0127196
     ],
     [
      6.2217234,
      43.0127698
     ],
     [
      6.2218113,
      43.0127667
     ],
     [
      6.2219158,
      43.0127095
     ],
     [
      6.2220434,
      43.0127056
     ],
     [
      6.2221089,
      43.0126428
     ],
     [
      6.222201,
      43.0125507
     ],
     [
      6.2222099,
      43.0125103
     ],
     [
      6.2220973,
      43.0124112
     ],
     [
      6.2220213,
      43.0123681
     ],
     [
      6.2219254,
      43.0123556
     ],
     [
      6.2217903,
      43.0123329
     ]
    ]
   }
  },
  {
   "type": "Feature",
   "properties": {
    "osm_id": 52018783,
    "nom": null,
    "type": "path",
    "sac_scale": "hiking",
    "surface": null,
    "acces": null,
    "velo": null
   },
   "geometry": {
    "type": "LineString",
    "coordinates": [
     [
      6.2220213,
      43.0123681
     ],
     [
      6.2222954,
      43.012377
     ],
     [
      6.2224992,
      43.0124437
     ],
     [
      6.22264,
      43.0125202
     ]
    ]
   }
  },
  {
   "type": "Feature",
   "properties": {
    "osm_id": 52018929,
    "nom": null,
    "type": "path",
    "sac_scale": "hiking",
    "surface": null,
    "acces": null,
    "velo": "no"
   },
   "geometry": {
    "type": "LineString",
    "coordinates": [
     [
      6.213717,
      43.0033275
     ],
     [
      6.2136805,
      43.0033663
     ],
     [
      6.2136242,
      43.0034369
     ],
     [
      6.2135866,
      43.0034957
     ],
     [
      6.2135705,
      43.0035585
     ],
     [
      6.2136962,
      43.0036539
     ],
     [
      6.2139537,
      43.0038501
     ],
     [
      6.2144005,
      43.0041079
     ],
     [
      6.2146176,
      43.0043315
     ],
     [
      6.2147972,
      43.0045061
     ],
     [
      6.2150324,
      43.004622
     ]
    ]
   }
  },
  {
   "type": "Feature",
   "properties": {
    "osm_id": 52018930,
    "nom": null,
    "type": "path",
    "sac_scale": "hiking",
    "surface": null,
    "acces": null,
    "velo": null
   },
   "geometry": {
    "type": "LineString",
    "coordinates": [
     [
      6.2150324,
      43.004622
     ],
     [
      6.2152992,
      43.0045814
     ],
     [
      6.216089,
      43.0042148
     ]
    ]
   }
  },
  {
   "type": "Feature",
   "properties": {
    "osm_id": 52036329,
    "nom": null,
    "type": "path",
    "sac_scale": "mountain_hiking",
    "surface": null,
    "acces": null,
    "velo": null
   },
   "geometry": {
    "type": "LineString",
    "coordinates": [
     [
      6.2065207,
      43.0000538
     ],
     [
      6.206441,
      43.0000446
     ],
     [
      6.206084,
      42.9999526
     ],
     [
      6.2060003,
      42.9999106
     ],
     [
      6.2059306,
      42.9997929
     ],
     [
      6.205995,
      42.9997066
     ],
     [
      6.2061076,
      42.9996261
     ],
     [
      6.2062149,
      42.999632
     ],
     [
      6.2062954,
      42.9996399
     ],
     [
      6.2063919,
      42.9995516
     ],
     [
      6.2064375,
      42.999532
     ],
     [
      6.2065153,
      42.9995477
     ],
     [
      6.2066013,
      42.9995834
     ]
    ]
   }
  },
  {
   "type": "Feature",
   "properties": {
    "osm_id": 52036363,
    "nom": null,
    "type": "path",
    "sac_scale": "hiking",
    "surface": null,
    "acces": null,
    "velo": null
   },
   "geometry": {
    "type": "LineString",
    "coordinates": [
     [
      6.206628,
      43.0000538
     ],
     [
      6.2067558,
      43.0000093
     ],
     [
      6.2068382,
      42.9998972
     ],
     [
      6.2069401,
      42.9996422
     ],
     [
      6.2070206,
      42.9994744
     ],
     [
      6.2070214,
      42.9993964
     ]
    ]
   }
  },
  {
   "type": "Feature",
   "properties": {
    "osm_id": 52074189,
    "nom": null,
    "type": "path",
    "sac_scale": "hiking",
    "surface": null,
    "acces": null,
    "velo": null
   },
   "geometry": {
    "type": "LineString",
    "coordinates": [
     [
      6.1972501,
      42.9844131
     ],
     [
      6.197057,
      42.9845622
     ],
     [
      6.1970623,
      42.9846819
     ],
     [
      6.1969604,
      42.9848526
     ],
     [
      6.1970717,
      42.985144
     ],
     [
      6.1970006,
      42.9852352
     ],
     [
      6.1967504,
      42.9852311
     ],
     [
      6.1964106,
      42.9852587
     ]
    ]
   }
  },
  {
   "type": "Feature",
   "properties": {
    "osm_id": 52145842,
    "nom": null,
    "type": "path",
    "sac_scale": "hiking",
    "surface": "dirt",
    "acces": null,
    "velo": null
   },
   "geometry": {
    "type": "LineString",
    "coordinates": [
     [
      6.1919021,
      43.0031378
     ],
     [
      6.1916956,
      43.0032633
     ],
     [
      6.1913818,
      43.0035046
     ],
     [
      6.1912933,
      43.0037871
     ],
     [
      6.1910975,
      43.0038812
     ],
     [
      6.1909446,
      43.0039047
     ],
     [
      6.1907113,
      43.0039224
     ],
     [
      6.1901718,
      43.0038908
     ],
     [
      6.1900004,
      43.0038891
     ],
     [
      6.1898207,
      43.0038694
     ],
     [
      6.1896095,
      43.00381
     ]
    ]
   }
  },
  {
   "type": "Feature",
   "properties": {
    "osm_id": 52145860,
    "nom": null,
    "type": "steps",
    "sac_scale": null,
    "surface": null,
    "acces": null,
    "velo": null
   },
   "geometry": {
    "type": "LineString",
    "coordinates": [
     [
      6.1856501,
      43.0052503
     ],
     [
      6.1856228,
      43.0052325
     ],
     [
      6.1855717,
      43.0051538
     ]
    ]
   }
  },
  {
   "type": "Feature",
   "properties": {
    "osm_id": 52147898,
    "nom": null,
    "type": "path",
    "sac_scale": null,
    "surface": null,
    "acces": null,
    "velo": null
   },
   "geometry": {
    "type": "LineString",
    "coordinates": [
     [
      6.1858374,
      43.0048245
     ],
     [
      6.1859822,
      43.0048402
     ]
    ]
   }
  },
  {
   "type": "Feature",
   "properties": {
    "osm_id": 52244682,
    "nom": null,
    "type": "path",
    "sac_scale": null,
    "surface": "compacted",
    "acces": null,
    "velo": null
   },
   "geometry": {
    "type": "LineString",
    "coordinates": [
     [
      6.1859634,
      43.0044107
     ],
     [
      6.1859419,
      43.0042969
     ],
     [
      6.1858985,
      43.0041482
     ],
     [
      6.1858668,
      43.0039514
     ],
     [
      6.1858614,
      43.0038415
     ]
    ]
   }
  },
  {
   "type": "Feature",
   "properties": {
    "osm_id": 52244683,
    "nom": null,
    "type": "path",
    "sac_scale": null,
    "surface": null,
    "acces": null,
    "velo": null
   },
   "geometry": {
    "type": "LineString",
    "coordinates": [
     [
      6.1875492,
      43.0039182
     ],
     [
      6.1875385,
      43.0040477
     ],
     [
      6.1874225,
      43.0041204
     ]
    ]
   }
  },
  {
   "type": "Feature",
   "properties": {
    "osm_id": 52514684,
    "nom": null,
    "type": "track",
    "sac_scale": null,
    "surface": "dirt",
    "acces": null,
    "velo": null
   },
   "geometry": {
    "type": "LineString",
    "coordinates": [
     [
      6.199762,
      42.9981049
     ],
     [
      6.1999528,
      42.998043
     ],
     [
      6.2000708,
      42.9980131
     ],
     [
      6.2005523,
      42.9979112
     ],
     [
      6.2005935,
      42.9978998
     ],
     [
      6.2006062,
      42.9978903
     ],
     [
      6.2006136,
      42.9978769
     ],
     [
      6.2006093,
      42.9978582
     ],
     [
      6.200509,
      42.9974212
     ]
    ]
   }
  },
  {
   "type": "Feature",
   "properties": {
    "osm_id": 52737974,
    "nom": null,
    "type": "path",
    "sac_scale": null,
    "surface": null,
    "acces": null,
    "velo": null
   },
   "geometry": {
    "type": "LineString",
    "coordinates": [
     [
      6.2045234,
      43.0028407
     ],
     [
      6.2047662,
      43.0026993
     ],
     [
      6.204844,
      43.0026768
     ],
     [
      6.2049451,
      43.0026716
     ],
     [
      6.2051421,
      43.0026649
     ]
    ]
   }
  },
  {
   "type": "Feature",
   "properties": {
    "osm_id": 52739348,
    "nom": null,
    "type": "path",
    "sac_scale": "mountain_hiking",
    "surface": "dirt",
    "acces": null,
    "velo": "no"
   },
   "geometry": {
    "type": "LineString",
    "coordinates": [
     [
      6.1809294,
      43.0079178
     ],
     [
      6.1808827,
      43.0080103
     ],
     [
      6.1808983,
      43.0081011
     ],
     [
      6.1808801,
      43.0081495
     ],
     [
      6.180869,
      43.0082209
     ],
     [
      6.1808234,
      43.0082591
     ],
     [
      6.1807379,
      43.0083123
     ],
     [
      6.1807041,
      43.0083748
     ],
     [
      6.1807229,
      43.0084631
     ],
     [
      6.1808221,
      43.0085161
     ],
     [
      6.1808677,
      43.0085896
     ],
     [
      6.1807725,
      43.0086465
     ],
     [
      6.1806424,
      43.0086377
     ],
     [
      6.1802575,
      43.0086122
     ],
     [
      6.1800979,
      43.0086063
     ],
     [
      6.1799799,
      43.0086063
     ],
     [
      6.1798498,
      43.0085984
     ],
     [
      6.1796808,
      43.0085975
     ],
     [
      6.1795497,
      43.008583
     ],
     [
      6.1794005,
      43.0085455
     ],
     [
      6.1793455,
      43.008517
     ],
     [
      6.1792305,
      43.0084653
     ],
     [
      6.1791822,
      43.0084378
     ],
     [
      6.1790642,
      43.0084653
     ],
     [
      6.1790293,
      43.0085045
     ],
     [
      6.1789435,
      43.0085379
     ],
     [
      6.1787852,
      43.0085418
     ],
     [
      6.1787799,
      43.0085085
     ],
     [
      6.1787316,
      43.0084888
     ],
     [
      6.1786297,
      43.0085261
     ],
     [
      6.1783936,
      43.0085379
     ],
     [
      6.178289,
      43.0084928
     ],
     [
      6.1782166,
      43.0084594
     ],
     [
      6.1781952,
      43.0084163
     ],
     [
      6.1781066,
      43.0084398
     ],
     [
      6.1780476,
      43.0084123
     ],
     [
      6.1779725,
      43.0084182
     ],
     [
      6.1778298,
      43.0083914
     ],
     [
      6.1778116,
      43.0083535
     ],
     [
      6.1777687,
      43.0083496
     ],
     [
      6.1777526,
      43.0082927
     ],
     [
      6.1776775,
      43.0082319
     ],
     [
      6.1776641,
      43.0081966
     ],
     [
      6.1776967,
      43.0081627
     ],
     [
      6.1777794,
      43.0081495
     ],
     [
      6.1777875,
      43.0081025
     ],
     [
      6.1777633,
      43.0080181
     ],
     [
      6.1777231,
      43.0080044
     ],
     [
      6.1777315,
      43.0079225
     ],
     [
      6.1777901,
      43.007871
     ],
     [
      6.1776957,
      43.0078148
     ],
     [
      6.177758,
      43.0077298
     ],
     [
      6.1778459,
      43.0076853
     ],
     [
      6.1777708,
      43.0075677
     ],
     [
      6.1776668,
      43.0074179
     ],
     [
      6.1776131,
      43.0072708
     ],
     [
      6.1775541,
      43.0071767
     ],
     [
      6.1774683,
      43.0071296
     ],
     [
      6.1773851,
      43.0070492
     ],
     [
      6.1773047,
      43.0070551
     ],
     [
      6.1772269,
      43.0069982
     ],
     [
      6.1771813,
      43.0069472
     ],
     [
      6.1771813,
      43.006904
     ],
     [
      6.177125,
      43.0068805
     ],
     [
      6.1770928,
      43.0068177
     ],
     [
      6.1770418,
      43.0067707
     ],
     [
      6.1769715,
      43.0067439
     ]
    ]
   }
  },
  {
   "type": "Feature",
   "properties": {
    "osm_id": 53145033,
    "nom": null,
    "type": "path",
    "sac_scale": null,
    "surface": null,
    "acces": null,
    "velo": null
   },
   "geometry": {
    "type": "LineString",
    "coordinates": [
     [
      6.196306,
      42.9970497
     ],
     [
      6.196683,
      42.9973139
     ]
    ]
   }
  },
  {
   "type": "Feature",
   "properties": {
    "osm_id": 53208258,
    "nom": null,
    "type": "track",
    "sac_scale": null,
    "surface": null,
    "acces": "private",
    "velo": null
   },
   "geometry": {
    "type": "LineString",
    "coordinates": [
     [
      6.2407645,
      43.0079128
     ],
     [
      6.2406975,
      43.00778
     ],
     [
      6.2404372,
      43.007455
     ],
     [
      6.2405753,
      43.007051
     ],
     [
      6.2402695,
      43.0066576
     ]
    ]
   }
  },
  {
   "type": "Feature",
   "properties": {
    "osm_id": 53219990,
    "nom": null,
    "type": "track",
    "sac_scale": null,
    "surface": "compacted",
    "acces": null,
    "velo": null
   },
   "geometry": {
    "type": "LineString",
    "coordinates": [
     [
      6.2066636,
      43.0010011
     ],
     [
      6.2068199,
      43.0010226
     ]
    ]
   }
  },
  {
   "type": "Feature",
   "properties": {
    "osm_id": 53262230,
    "nom": null,
    "type": "path",
    "sac_scale": "hiking",
    "surface": null,
    "acces": null,
    "velo": null
   },
   "geometry": {
    "type": "LineString",
    "coordinates": [
     [
      6.2156479,
      43.0054797
     ],
     [
      6.2159613,
      43.0053872
     ],
     [
      6.2165383,
      43.0054186
     ]
    ]
   }
  },
  {
   "type": "Feature",
   "properties": {
    "osm_id": 53372384,
    "nom": null,
    "type": "footway",
    "sac_scale": null,
    "surface": null,
    "acces": null,
    "velo": null
   },
   "geometry": {
    "type": "LineString",
    "coordinates": [
     [
      6.2025704,
      42.9979295
     ],
     [
      6.2027507,
      42.9979847
     ],
     [
      6.2028287,
      42.9980104
     ]
    ]
   }
  },
  {
   "type": "Feature",
   "properties": {
    "osm_id": 53372386,
    "nom": null,
    "type": "track",
    "sac_scale": null,
    "surface": "compacted",
    "acces": null,
    "velo": null
   },
   "geometry": {
    "type": "LineString",
    "coordinates": [
     [
      6.2110191,
      43.0014227
     ],
     [
      6.2109101,
      43.0015333
     ]
    ]
   }
  },
  {
   "type": "Feature",
   "properties": {
    "osm_id": 53547891,
    "nom": "Chemin du Cap des Mèdes",
    "type": "track",
    "sac_scale": null,
    "surface": null,
    "acces": null,
    "velo": null
   },
   "geometry": {
    "type": "LineString",
    "coordinates": [
     [
      6.2375749,
      43.0160357
     ],
     [
      6.2375695,
      43.0160897
     ]
    ]
   }
  },
  {
   "type": "Feature",
   "properties": {
    "osm_id": 53837297,
    "nom": null,
    "type": "path",
    "sac_scale": null,
    "surface": null,
    "acces": null,
    "velo": null
   },
   "geometry": {
    "type": "LineString",
    "coordinates": [
     [
      6.2148355,
      42.9973308
     ],
     [
      6.2147613,
      42.9974839
     ],
     [
      6.2146887,
      42.9975728
     ],
     [
      6.2146028,
      42.9976785
     ],
     [
      6.2143286,
      42.9979456
     ]
    ]
   }
  },
  {
   "type": "Feature",
   "properties": {
    "osm_id": 54241966,
    "nom": "Boucle de Brégançonnet",
    "type": "track",
    "sac_scale": null,
    "surface": null,
    "acces": null,
    "velo": null
   },
   "geometry": {
    "type": "LineString",
    "coordinates": [
     [
      6.1822891,
      42.995881
     ],
     [
      6.1821818,
      42.9959476
     ],
     [
      6.1821218,
      42.9960832
     ],
     [
      6.1820525,
      42.9962781
     ],
     [
      6.1819293,
      42.996648
     ],
     [
      6.1818529,
      42.9969296
     ],
     [
      6.181781,
      42.9970988
     ],
     [
      6.1818073,
      42.9972768
     ],
     [
      6.1818422,
      42.997471
     ],
     [
      6.1816383,
      42.9976279
     ],
     [
      6.1814531,
      42.9977088
     ],
     [
      6.1811991,
      42.9978605
     ],
     [
      6.1810025,
      42.9979913
     ],
     [
      6.1808256,
      42.9981183
     ]
    ]
   }
  },
  {
   "type": "Feature",
   "properties": {
    "osm_id": 54241967,
    "nom": "Boucle du Brégançonnet",
    "type": "track",
    "sac_scale": null,
    "surface": null,
    "acces": null,
    "velo": null
   },
   "geometry": {
    "type": "LineString",
    "coordinates": [
     [
      6.1824234,
      42.9958531
     ],
     [
      6.1822891,
      42.995881
     ]
    ]
   }
  },
  {
   "type": "Feature",
   "properties": {
    "osm_id": 55221263,
    "nom": null,
    "type": "path",
    "sac_scale": null,
    "surface": "dirt",
    "acces": null,
    "velo": null
   },
   "geometry": {
    "type": "LineString",
    "coordinates": [
     [
      6.1552982,
      43.0275164
     ],
     [
      6.1552647,
      43.0274423
     ],
     [
      6.1552593,
      43.0274012
     ],
     [
      6.1552875,
      43.0273423
     ],
     [
      6.1552647,
      43.0272953
     ],
     [
      6.1552607,
      43.027208
     ],
     [
      6.155266,
      43.0271032
     ]
    ]
   }
  },
  {
   "type": "Feature",
   "properties": {
    "osm_id": 55413632,
    "nom": null,
    "type": "path",
    "sac_scale": null,
    "surface": "compacted",
    "acces": null,
    "velo": null
   },
   "geometry": {
    "type": "LineString",
    "coordinates": [
     [
      6.155485,
      43.0266069
     ],
     [
      6.1555333,
      43.0265292
     ]
    ]
   }
  },
  {
   "type": "Feature",
   "properties": {
    "osm_id": 55413633,
    "nom": null,
    "type": "path",
    "sac_scale": null,
    "surface": "wood",
    "acces": null,
    "velo": null
   },
   "geometry": {
    "type": "LineString",
    "coordinates": [
     [
      6.1554188,
      43.0268247
     ],
     [
      6.155485,
      43.0266069
     ]
    ]
   }
  },
  {
   "type": "Feature",
   "properties": {
    "osm_id": 56464049,
    "nom": null,
    "type": "path",
    "sac_scale": null,
    "surface": "dirt",
    "acces": null,
    "velo": null
   },
   "geometry": {
    "type": "LineString",
    "coordinates": [
     [
      6.1672437,
      43.0003327
     ],
     [
      6.1672008,
      43.0004961
     ],
     [
      6.167055,
      43.000643
     ]
    ]
   }
  },
  {
   "type": "Feature",
   "properties": {
    "osm_id": 56464053,
    "nom": "Chemin du Parapluie",
    "type": "path",
    "sac_scale": "hiking",
    "surface": "dirt",
    "acces": null,
    "velo": "no"
   },
   "geometry": {
    "type": "LineString",
    "coordinates": [
     [
      6.1717854,
      43.0021242
     ],
     [
      6.1719476,
      43.0021991
     ],
     [
      6.1720389,
      43.0022442
     ],
     [
      6.1721448,
      43.0023086
     ],
     [
      6.1722212,
      43.0024149
     ],
     [
      6.1722105,
      43.0024581
     ],
     [
      6.1721434,
      43.0025601
     ],
     [
      6.1721113,
      43.0026739
     ],
     [
      6.1721408,
      43.0028543
     ],
     [
      6.1722065,
      43.0029049
     ],
     [
      6.1722588,
      43.0029269
     ],
     [
      6.1723701,
      43.0029598
     ],
     [
      6.1724828,
      43.0029795
     ],
     [
      6.1727268,
      43.0030305
     ],
     [
      6.1728221,
      43.0029543
     ],
     [
      6.1729334,
      43.0029441
     ],
     [
      6.1731899,
      43.0028896
     ],
     [
      6.1733565,
      43.0029122
     ]
    ]
   }
  },
  {
   "type": "Feature",
   "properties": {
    "osm_id": 56684902,
    "nom": null,
    "type": "path",
    "sac_scale": null,
    "surface": "dirt",
    "acces": null,
    "velo": null
   },
   "geometry": {
    "type": "LineString",
    "coordinates": [
     [
      6.1823115,
      43.0070709
     ],
     [
      6.1822292,
      43.0071571
     ],
     [
      6.1821058,
      43.0071924
     ],
     [
      6.1818752,
      43.0072159
     ],
     [
      6.1817089,
      43.0072904
     ],
     [
      6.1815694,
      43.00731
     ],
     [
      6.1814728,
      43.007361
     ],
     [
      6.1813387,
      43.0073728
     ],
     [
      6.1812261,
      43.0074356
     ],
     [
      6.1811939,
      43.0075219
     ],
     [
      6.1811815,
      43.0076393
     ],
     [
      6.1811534,
      43.0077246
     ],
     [
      6.1811011,
      43.0078041
     ],
     [
      6.1809938,
      43.0078619
     ],
     [
      6.1809441,
      43.0078904
     ],
     [
      6.1809294,
      43.0079178
     ]
    ]
   }
  },
  {
   "type": "Feature",
   "properties": {
    "osm_id": 57010339,
    "nom": null,
    "type": "steps",
    "sac_scale": null,
    "surface": "dirt",
    "acces": null,
    "velo": null
   },
   "geometry": {
    "type": "LineString",
    "coordinates": [
     [
      6.212192,
      43.0029374
     ],
     [
      6.2122751,
      43.0028511
     ]
    ]
   }
  },
  {
   "type": "Feature",
   "properties": {
    "osm_id": 57010491,
    "nom": "Traversée de la Courtade",
    "type": "path",
    "sac_scale": "mountain_hiking",
    "surface": "dirt",
    "acces": null,
    "velo": null
   },
   "geometry": {
    "type": "LineString",
    "coordinates": [
     [
      6.2050625,
      43.0023423
     ],
     [
      6.2053463,
      43.0022221
     ],
     [
      6.2054221,
      43.0022102
     ],
     [
      6.2055233,
      43.0021403
     ],
     [
      6.2057677,
      43.0021042
     ],
     [
      6.2058642,
      43.0021706
     ],
     [
      6.2060135,
      43.002192
     ],
     [
      6.2060752,
      43.0022283
     ],
     [
      6.2061168,
      43.0022156
     ],
     [
      6.2062294,
      43.0022587
     ],
     [
      6.206322,
      43.0022489
     ],
     [
      6.2064118,
      43.0023372
     ],
     [
      6.2064561,
      43.0023401
     ],
     [
      6.2064628,
      43.0023705
     ],
     [
      6.2065714,
      43.0023823
     ],
     [
      6.206609,
      43.0024088
     ],
     [
      6.2065889,
      43.0024784
     ],
     [
      6.2065997,
      43.002499
     ],
     [
      6.2066534,
      43.0024987
     ]
    ]
   }
  },
  {
   "type": "Feature",
   "properties": {
    "osm_id": 57010625,
    "nom": null,
    "type": "path",
    "sac_scale": null,
    "surface": "dirt",
    "acces": null,
    "velo": null
   },
   "geometry": {
    "type": "LineString",
    "coordinates": [
     [
      6.2074103,
      43.0018217
     ],
     [
      6.2074214,
      43.0016052
     ],
     [
      6.2073895,
      43.0016087
     ],
     [
      6.2072823,
      43.0016188
     ],
     [
      6.2072242,
      43.0016102
     ],
     [
      6.2070773,
      43.0015398
     ],
     [
      6.2069777,
      43.0014959
     ],
     [
      6.2068792,
      43.0014658
     ],
     [
      6.2068028,
      43.0014231
     ],
     [
      6.2067411,
      43.0013843
     ],
     [
      6.206725,
      43.0013657
     ],
     [
      6.2067116,
      43.0013235
     ],
     [
      6.2066907,
      43.0012491
     ],
     [
      6.2066619,
      43.0011681
     ],
     [
      6.2066398,
      43.00112
     ],
     [
      6.2066526,
      43.0010828
     ],
     [
      6.2066478,
      43.0010217
     ]
    ]
   }
  },
  {
   "type": "Feature",
   "properties": {
    "osm_id": 57014904,
    "nom": null,
    "type": "steps",
    "sac_scale": null,
    "surface": "wood",
    "acces": null,
    "velo": null
   },
   "geometry": {
    "type": "LineString",
    "coordinates": [
     [
      6.1874225,
      43.0041204
     ],
     [
      6.1874987,
      43.004259
     ],
     [
      6.1875088,
      43.0042803
     ]
    ]
   }
  },
  {
   "type": "Feature",
   "properties": {
    "osm_id": 57014905,
    "nom": null,
    "type": "path",
    "sac_scale": null,
    "surface": null,
    "acces": null,
    "velo": null
   },
   "geometry": {
    "type": "LineString",
    "coordinates": [
     [
      6.1866725,
      43.0047004
     ],
     [
      6.1866137,
      43.0046531
     ],
     [
      6.1865781,
      43.0046167
     ],
     [
      6.1865205,
      43.0046108
     ],
     [
      6.1863703,
      43.0046599
     ],
     [
      6.1862227,
      43.0046756
     ],
     [
      6.1859626,
      43.0046373
     ],
     [
      6.1858177,
      43.0046805
     ],
     [
      6.1856166,
      43.0047001
     ],
     [
      6.1853242,
      43.0046707
     ],
     [
      6.1851245,
      43.0046871
     ],
     [
      6.1851002,
      43.0046962
     ],
     [
      6.1849299,
      43.0047501
     ],
     [
      6.1848454,
      43.0048011
     ],
     [
      6.1847113,
      43.0048197
     ],
     [
      6.1845987,
      43.004856
     ],
     [
      6.1845249,
      43.0048541
     ],
     [
      6.1843733,
      43.0048276
     ],
     [
      6.1841662,
      43.0048449
     ]
    ]
   }
  },
  {
   "type": "Feature",
   "properties": {
    "osm_id": 57014906,
    "nom": null,
    "type": "steps",
    "sac_scale": null,
    "surface": null,
    "acces": null,
    "velo": null
   },
   "geometry": {
    "type": "LineString",
    "coordinates": [
     [
      6.1859822,
      43.0048402
     ],
     [
      6.1860757,
      43.0049723
     ],
     [
      6.18609,
      43.0050012
     ]
    ]
   }
  },
  {
   "type": "Feature",
   "properties": {
    "osm_id": 57014908,
    "nom": null,
    "type": "path",
    "sac_scale": null,
    "surface": "dirt",
    "acces": null,
    "velo": "no"
   },
   "geometry": {
    "type": "LineString",
    "coordinates": [
     [
      6.2122751,
      43.0028511
     ],
     [
      6.212369,
      43.0027825
     ],
     [
      6.2125997,
      43.0026715
     ]
    ]
   }
  },
  {
   "type": "Feature",
   "properties": {
    "osm_id": 57014909,
    "nom": null,
    "type": "steps",
    "sac_scale": null,
    "surface": null,
    "acces": null,
    "velo": null
   },
   "geometry": {
    "type": "LineString",
    "coordinates": [
     [
      6.2132823,
      43.0034023
     ],
     [
      6.2132635,
      43.0034592
     ],
     [
      6.2132233,
      43.0034984
     ],
     [
      6.2131417,
      43.0035319
     ]
    ]
   }
  },
  {
   "type": "Feature",
   "properties": {
    "osm_id": 57014910,
    "nom": null,
    "type": "steps",
    "sac_scale": null,
    "surface": null,
    "acces": null,
    "velo": null
   },
   "geometry": {
    "type": "LineString",
    "coordinates": [
     [
      6.2147461,
      43.0048281
     ],
     [
      6.2146672,
      43.0050535
     ]
    ]
   }
  },
  {
   "type": "Feature",
   "properties": {
    "osm_id": 57031682,
    "nom": null,
    "type": "steps",
    "sac_scale": null,
    "surface": null,
    "acces": null,
    "velo": null
   },
   "geometry": {
    "type": "LineString",
    "coordinates": [
     [
      6.2082089,
      43.0015902
     ],
     [
      6.2082537,
      43.0017029
     ],
     [
      6.2082295,
      43.0018211
     ]
    ]
   }
  },
  {
   "type": "Feature",
   "properties": {
    "osm_id": 57046999,
    "nom": null,
    "type": "path",
    "sac_scale": null,
    "surface": "dirt",
    "acces": null,
    "velo": null
   },
   "geometry": {
    "type": "LineString",
    "coordinates": [
     [
      6.208372,
      43.0005637
     ],
     [
      6.2084382,
      43.0008366
     ],
     [
      6.2085294,
      43.0011622
     ],
     [
      6.2087735,
      43.0012684
     ]
    ]
   }
  },
  {
   "type": "Feature",
   "properties": {
    "osm_id": 57047157,
    "nom": null,
    "type": "path",
    "sac_scale": "hiking",
    "surface": null,
    "acces": null,
    "velo": "no"
   },
   "geometry": {
    "type": "LineString",
    "coordinates": [
     [
      6.2156783,
      43.0065965
     ],
     [
      6.2157821,
      43.0066878
     ],
     [
      6.2160664,
      43.0067898
     ],
     [
      6.2162208,
      43.0068951
     ],
     [
      6.2164184,
      43.0070576
     ],
     [
      6.2164457,
      43.0071777
     ],
     [
      6.2164013,
      43.0073236
     ],
     [
      6.2163602,
      43.0074996
     ],
     [
      6.2164172,
      43.0075899
     ],
     [
      6.2166104,
      43.0076664
     ],
     [
      6.2168701,
      43.0077984
     ],
     [
      6.2170348,
      43.0079906
     ],
     [
      6.2172501,
      43.0081759
     ],
     [
      6.2174425,
      43.0082481
     ],
     [
      6.217551,
      43.0084075
     ],
     [
      6.217703,
      43.0085349
     ],
     [
      6.2177503,
      43.0086295
     ],
     [
      6.2180166,
      43.0088383
     ],
     [
      6.2181338,
      43.0090235
     ],
     [
      6.2182668,
      43.0090837
     ],
     [
      6.2183445,
      43.0091742
     ]
    ]
   }
  },
  {
   "type": "Feature",
   "properties": {
    "osm_id": 57356293,
    "nom": null,
    "type": "path",
    "sac_scale": null,
    "surface": null,
    "acces": null,
    "velo": null
   },
   "geometry": {
    "type": "LineString",
    "coordinates": [
     [
      6.2160072,
      43.0071695
     ],
     [
      6.2160973,
      43.0071383
     ],
     [
      6.2163127,
      43.0071233
     ],
     [
      6.2164184,
      43.0070576
     ],
     [
      6.2165322,
      43.007012
     ],
     [
      6.2168201,
      43.0067741
     ],
     [
      6.2170184,
      43.006755
     ]
    ]
   }
  },
  {
   "type": "Feature",
   "properties": {
    "osm_id": 57657591,
    "nom": null,
    "type": "path",
    "sac_scale": null,
    "surface": null,
    "acces": null,
    "velo": null
   },
   "geometry": {
    "type": "LineString",
    "coordinates": [
     [
      6.1896095,
      43.00381
     ],
     [
      6.1894372,
      43.0036792
     ],
     [
      6.1892494,
      43.0036537
     ],
     [
      6.1891356,
      43.0037135
     ],
     [
      6.188949,
      43.0036772
     ],
     [
      6.1886087,
      43.003724
     ]
    ]
   }
  },
  {
   "type": "Feature",
   "properties": {
    "osm_id": 57657594,
    "nom": null,
    "type": "path",
    "sac_scale": null,
    "surface": null,
    "acces": null,
    "velo": null
   },
   "geometry": {
    "type": "LineString",
    "coordinates": [
     [
      6.1885363,
      43.0037397
     ],
     [
      6.1883431,
      43.0037878
     ]
    ]
   }
  },
  {
   "type": "Feature",
   "properties": {
    "osm_id": 57657596,
    "nom": null,
    "type": "path",
    "sac_scale": null,
    "surface": "wood",
    "acces": null,
    "velo": null
   },
   "geometry": {
    "type": "LineString",
    "coordinates": [
     [
      6.1886087,
      43.003724
     ],
     [
      6.1885363,
      43.0037397
     ]
    ]
   }
  },
  {
   "type": "Feature",
   "properties": {
    "osm_id": 57660536,
    "nom": null,
    "type": "path",
    "sac_scale": null,
    "surface": null,
    "acces": null,
    "velo": null
   },
   "geometry": {
    "type": "LineString",
    "coordinates": [
     [
      6.1882868,
      43.0038103
     ],
     [
      6.1883431,
      43.0037878
     ]
    ]
   }
  },
  {
   "type": "Feature",
   "properties": {
    "osm_id": 57722987,
    "nom": null,
    "type": "track",
    "sac_scale": null,
    "surface": null,
    "acces": "private",
    "velo": null
   },
   "geometry": {
    "type": "LineString",
    "coordinates": [
     [
      6.1939791,
      42.9988494
     ],
     [
      6.1952653,
      42.9987493
     ],
     [
      6.1967754,
      42.9986198
     ],
     [
      6.1982238,
      42.9984805
     ]
    ]
   }
  },
  {
   "type": "Feature",
   "properties": {
    "osm_id": 57722989,
    "nom": null,
    "type": "track",
    "sac_scale": null,
    "surface": null,
    "acces": "private",
    "velo": null
   },
   "geometry": {
    "type": "LineString",
    "coordinates": [
     [
      6.1985064,
      42.9986695
     ],
     [
      6.1985898,
      42.9986674
     ],
     [
      6.1991934,
      42.9985366
     ],
     [
      6.1994492,
      42.9984843
     ],
     [
      6.2001034,
      42.9983753
     ]
    ]
   }
  },
  {
   "type": "Feature",
   "properties": {
    "osm_id": 57722992,
    "nom": null,
    "type": "track",
    "sac_scale": null,
    "surface": null,
    "acces": null,
    "velo": null
   },
   "geometry": {
    "type": "LineString",
    "coordinates": [
     [
      6.194061,
      42.9991124
     ],
     [
      6.1939725,
      42.9991122
     ]
    ]
   }
  },
  {
   "type": "Feature",
   "properties": {
    "osm_id": 57723458,
    "nom": null,
    "type": "track",
    "sac_scale": null,
    "surface": null,
    "acces": "private",
    "velo": null
   },
   "geometry": {
    "type": "LineString",
    "coordinates": [
     [
      6.198009,
      42.9971931
     ],
     [
      6.1981031,
      42.9974388
     ],
     [
      6.1982238,
      42.997894
     ],
     [
      6.1983485,
      42.9983031
     ],
     [
      6.1984611,
      42.9984404
     ],
     [
      6.1985898,
      42.9986674
     ]
    ]
   }
  },
  {
   "type": "Feature",
   "properties": {
    "osm_id": 57725946,
    "nom": "Chemin des Figuiers",
    "type": "track",
    "sac_scale": null,
    "surface": null,
    "acces": null,
    "velo": null
   },
   "geometry": {
    "type": "LineString",
    "coordinates": [
     [
      6.1994183,
      42.9962375
     ],
     [
      6.1995382,
      42.9970151
     ]
    ]
   }
  },
  {
   "type": "Feature",
   "properties": {
    "osm_id": 57725947,
    "nom": null,
    "type": "path",
    "sac_scale": null,
    "surface": null,
    "acces": null,
    "velo": null
   },
   "geometry": {
    "type": "LineString",
    "coordinates": [
     [
      6.1988307,
      42.995877
     ],
     [
      6.1988756,
      42.9957517
     ],
     [
      6.1989791,
      42.9956975
     ]
    ]
   }
  },
  {
   "type": "Feature",
   "properties": {
    "osm_id": 57767974,
    "nom": "Chemin des Falaises",
    "type": "path",
    "sac_scale": "hiking",
    "surface": null,
    "acces": null,
    "velo": null
   },
   "geometry": {
    "type": "LineString",
    "coordinates": [
     [
      6.1977279,
      42.9863846
     ],
     [
      6.1978068,
      42.9863831
     ],
     [
      6.1980427,
      42.9863823
     ],
     [
      6.1983968,
      42.9864137
     ],
     [
      6.1985928,
      42.9864364
     ],
     [
      6.1987215,
      42.9864933
     ]
    ]
   }
  },
  {
   "type": "Feature",
   "properties": {
    "osm_id": 57835666,
    "nom": "Sentier du Maure",
    "type": "path",
    "sac_scale": "mountain_hiking",
    "surface": "compacted",
    "acces": null,
    "velo": null
   },
   "geometry": {
    "type": "LineString",
    "coordinates": [
     [
      6.1769531,
      43.0062694
     ],
     [
      6.1766833,
      43.0064566
     ],
     [
      6.1765304,
      43.0065429
     ],
     [
      6.1763507,
      43.0065763
     ],
     [
      6.1761897,
      43.0065625
     ],
     [
      6.176053,
      43.0066881
     ],
     [
      6.1757472,
      43.0067783
     ],
     [
      6.1755755,
      43.0068842
     ],
     [
      6.1754468,
      43.0070411
     ],
     [
      6.1752912,
      43.0071196
     ],
     [
      6.1750525,
      43.0073883
     ],
     [
      6.1749317,
      43.0074432
     ],
     [
      6.1748665,
      43.0074728
     ],
     [
      6.1746419,
      43.0074723
     ],
     [
      6.1745509,
      43.0074432
     ],
     [
      6.1744517,
      43.0073805
     ],
     [
      6.1743524,
      43.0074236
     ],
     [
      6.1741806,
      43.0075615
     ],
     [
      6.1741296,
      43.0075645
     ],
     [
      6.1740652,
      43.0075458
     ],
     [
      6.174052,
      43.0075158
     ],
     [
      6.1740252,
      43.0074275
     ],
     [
      6.173966,
      43.0073674
     ],
     [
      6.1738534,
      43.0073644
     ],
     [
      6.1737876,
      43.0073801
     ],
     [
      6.1736415,
      43.0073978
     ],
     [
      6.173447,
      43.0073948
     ],
     [
      6.1733518,
      43.0073713
     ],
     [
      6.1732673,
      43.0073232
     ],
     [
      6.17316,
      43.0073095
     ],
     [
      6.1730165,
      43.0072869
     ],
     [
      6.1728059,
      43.0072683
     ],
     [
      6.1726826,
      43.0072075
     ],
     [
      6.1725203,
      43.0070967
     ],
     [
      6.1725082,
      43.0070643
     ],
     [
      6.1725646,
      43.0070035
     ],
     [
      6.1727604,
      43.0069643
     ],
     [
      6.1727121,
      43.0069378
     ],
     [
      6.1727121,
      43.0068897
     ],
     [
      6.1728113,
      43.006827
     ],
     [
      6.1727536,
      43.0067858
     ],
     [
      6.1727617,
      43.0067681
     ],
     [
      6.1726008,
      43.0067819
     ],
     [
      6.1724506,
      43.0067524
     ],
     [
      6.1721716,
      43.0067377
     ],
     [
      6.1719315,
      43.0066995
     ],
     [
      6.1716955,
      43.0065936
     ],
     [
      6.1715507,
      43.0065288
     ],
     [
      6.1714581,
      43.0064249
     ],
     [
      6.1713468,
      43.0063994
     ],
     [
      6.1712328,
      43.0064039
     ],
     [
      6.1711524,
      43.0064219
     ],
     [
      6.1710679,
      43.0063945
     ],
     [
      6.1709472,
      43.0063935
     ],
     [
      6.1708479,
      43.0064151
     ],
     [
      6.1706669,
      43.0064023
     ],
     [
      6.1705583,
      43.0064278
     ],
     [
      6.1704912,
      43.0063759
     ],
     [
      6.1705542,
      43.0063425
     ],
     [
      6.1705194,
      43.0063121
     ],
     [
      6.1704134,
      43.0062974
     ],
     [
      6.1702257,
      43.0063356
     ],
     [
      6.1701452,
      43.0063239
     ],
     [
      6.1701439,
      43.0062582
     ],
     [
      6.1701237,
      43.006218
     ],
     [
      6.1701331,
      43.0061827
     ],
     [
      6.170109,
      43.0061562
     ],
     [
      6.1701372,
      43.0061385
     ],
     [
      6.1701372,
      43.0060836
     ],
     [
      6.1700795,
      43.0060689
     ],
     [
      6.1700406,
      43.0060189
     ],
     [
      6.1700057,
      43.0058659
     ],
     [
      6.1700205,
      43.0058129
     ],
     [
      6.169999,
      43.0057354
     ],
     [
      6.1699762,
      43.0056972
     ],
     [
      6.1700339,
      43.0056501
     ],
     [
      6.1700889,
      43.0055854
     ],
     [
      6.1702297,
      43.0055324
     ],
     [
      6.170337,
      43.0055373
     ],
     [
      6.170522,
      43.0054785
     ],
     [
      6.1706065,
      43.0054265
     ],
     [
      6.170687,
      43.0053666
     ],
     [
      6.1707996,
      43.0052696
     ],
     [
      6.1707835,
      43.0050892
     ],
     [
      6.1705335,
      43.0047436
     ],
     [
      6.1702109,
      43.0047361
     ]
    ]
   }
  },
  {
   "type": "Feature",
   "properties": {
    "osm_id": 57836862,
    "nom": null,
    "type": "path",
    "sac_scale": null,
    "surface": "dirt",
    "acces": null,
    "velo": null
   },
   "geometry": {
    "type": "LineString",
    "coordinates": [
     [
      6.1836271,
      43.0071022
     ],
     [
      6.1837723,
      43.0071412
     ],
     [
      6.1839199,
      43.0071922
     ],
     [
      6.1840272,
      43.0072608
     ],
     [
      6.1842052,
      43.0072702
     ],
     [
      6.1842553,
      43.0072304
     ],
     [
      6.1843701,
      43.0072153
     ],
     [
      6.1844619,
      43.0072245
     ],
     [
      6.1845718,
      43.0071843
     ],
     [
      6.1846456,
      43.007147
     ],
     [
      6.1846443,
      43.0069803
     ],
     [
      6.1846912,
      43.0068145
     ],
     [
      6.1847797,
      43.0066174
     ],
     [
      6.1849393,
      43.0064203
     ],
     [
      6.1849701,
      43.0063056
     ],
     [
      6.1849428,
      43.0062426
     ]
    ]
   }
  },
  {
   "type": "Feature",
   "properties": {
    "osm_id": 57836866,
    "nom": null,
    "type": "track",
    "sac_scale": null,
    "surface": null,
    "acces": null,
    "velo": null
   },
   "geometry": {
    "type": "LineString",
    "coordinates": [
     [
      6.1940141,
      43.000299
     ],
     [
      6.1935214,
      42.9999517
     ],
     [
      6.1933497,
      42.9998249
     ],
     [
      6.1932841,
      42.9997455
     ],
     [
      6.1932593,
      42.9997128
     ],
     [
      6.1932496,
      42.9996629
     ],
     [
      6.1932647,
      42.9996285
     ],
     [
      6.1932882,
      42.9996015
     ],
     [
      6.1933223,
      42.9995771
     ],
     [
      6.193447,
      42.9995283
     ],
     [
      6.1937037,
      42.9994617
     ],
     [
      6.1941215,
      42.999383
     ]
    ]
   }
  },
  {
   "type": "Feature",
   "properties": {
    "osm_id": 57888773,
    "nom": null,
    "type": "track",
    "sac_scale": null,
    "surface": null,
    "acces": "private",
    "velo": null
   },
   "geometry": {
    "type": "LineString",
    "coordinates": [
     [
      6.1983408,
      42.9986851
     ],
     [
      6.1948806,
      42.9989947
     ],
     [
      6.1944934,
      42.9990373
     ]
    ]
   }
  },
  {
   "type": "Feature",
   "properties": {
    "osm_id": 58202233,
    "nom": null,
    "type": "steps",
    "sac_scale": null,
    "surface": null,
    "acces": null,
    "velo": null
   },
   "geometry": {
    "type": "LineString",
    "coordinates": [
     [
      6.1996616,
      43.0041399
     ],
     [
      6.1996776,
      43.0040347
     ]
    ]
   }
  },
  {
   "type": "Feature",
   "properties": {
    "osm_id": 58202235,
    "nom": null,
    "type": "steps",
    "sac_scale": null,
    "surface": null,
    "acces": null,
    "velo": null
   },
   "geometry": {
    "type": "LineString",
    "coordinates": [
     [
      6.2020257,
      43.0038934
     ],
     [
      6.2019871,
      43.0038139
     ]
    ]
   }
  },
  {
   "type": "Feature",
   "properties": {
    "osm_id": 58202236,
    "nom": null,
    "type": "steps",
    "sac_scale": null,
    "surface": null,
    "acces": null,
    "velo": null
   },
   "geometry": {
    "type": "LineString",
    "coordinates": [
     [
      6.202791,
      43.0036034
     ],
     [
      6.2027493,
      43.0035363
     ]
    ]
   }
  },
  {
   "type": "Feature",
   "properties": {
    "osm_id": 58202239,
    "nom": null,
    "type": "steps",
    "sac_scale": null,
    "surface": null,
    "acces": null,
    "velo": null
   },
   "geometry": {
    "type": "LineString",
    "coordinates": [
     [
      6.2007647,
      43.0041753
     ],
     [
      6.2007573,
      43.0040786
     ]
    ]
   }
  },
  {
   "type": "Feature",
   "properties": {
    "osm_id": 58202240,
    "nom": null,
    "type": "steps",
    "sac_scale": null,
    "surface": null,
    "acces": null,
    "velo": null
   },
   "geometry": {
    "type": "LineString",
    "coordinates": [
     [
      6.2014046,
      43.0040578
     ],
     [
      6.2013695,
      43.0039759
     ]
    ]
   }
  },
  {
   "type": "Feature",
   "properties": {
    "osm_id": 58202241,
    "nom": null,
    "type": "steps",
    "sac_scale": null,
    "surface": null,
    "acces": null,
    "velo": null
   },
   "geometry": {
    "type": "LineString",
    "coordinates": [
     [
      6.2000192,
      43.0041605
     ],
     [
      6.2000327,
      43.0040616
     ]
    ]
   }
  },
  {
   "type": "Feature",
   "properties": {
    "osm_id": 58202244,
    "nom": null,
    "type": "path",
    "sac_scale": null,
    "surface": null,
    "acces": null,
    "velo": null
   },
   "geometry": {
    "type": "LineString",
    "coordinates": [
     [
      6.2052713,
      43.0024682
     ],
     [
      6.2052845,
      43.0025311
     ]
    ]
   }
  },
  {
   "type": "Feature",
   "properties": {
    "osm_id": 58203112,
    "nom": null,
    "type": "track",
    "sac_scale": null,
    "surface": null,
    "acces": "private",
    "velo": null
   },
   "geometry": {
    "type": "LineString",
    "coordinates": [
     [
      6.2061938,
      43.0009579
     ],
     [
      6.2076261,
      43.0005891
     ]
    ]
   }
  },
  {
   "type": "Feature",
   "properties": {
    "osm_id": 58478815,
    "nom": null,
    "type": "path",
    "sac_scale": "mountain_hiking",
    "surface": null,
    "acces": null,
    "velo": "no"
   },
   "geometry": {
    "type": "LineString",
    "coordinates": [
     [
      6.2053728,
      42.9831023
     ],
     [
      6.2053889,
      42.9830825
     ],
     [
      6.2054211,
      42.9830413
     ],
     [
      6.2054667,
      42.983002
     ],
     [
      6.2054398,
      42.9829236
     ],
     [
      6.2053996,
      42.9828706
     ],
     [
      6.205244,
      42.9827744
     ]
    ]
   }
  },
  {
   "type": "Feature",
   "properties": {
    "osm_id": 58478816,
    "nom": null,
    "type": "path",
    "sac_scale": "hiking",
    "surface": null,
    "acces": null,
    "velo": null
   },
   "geometry": {
    "type": "LineString",
    "coordinates": [
     [
      6.2001188,
      42.9836432
     ],
     [
      6.2000245,
      42.9836201
     ],
     [
      6.1998796,
      42.9836182
     ],
     [
      6.199564,
      42.9836889
     ],
     [
      6.1992604,
      42.9836265
     ],
     [
      6.1990008,
      42.9837576
     ],
     [
      6.1987888,
      42.9837889
     ],
     [
      6.1985985,
      42.9837752
     ],
     [
      6.1983323,
      42.9836049
     ],
     [
      6.1980808,
      42.9835496
     ],
     [
      6.197893,
      42.9835162
     ],
     [
      6.1976892,
      42.9835771
     ],
     [
      6.1972594,
      42.9837149
     ],
     [
      6.1968309,
      42.9839538
     ],
     [
      6.1966538,
      42.9840578
     ],
     [
      6.1966292,
      42.9841107
     ]
    ]
   }
  },
  {
   "type": "Feature",
   "properties": {
    "osm_id": 58721801,
    "nom": null,
    "type": "path",
    "sac_scale": "hiking",
    "surface": "dirt",
    "acces": null,
    "velo": null
   },
   "geometry": {
    "type": "LineString",
    "coordinates": [
     [
      6.2126418,
      42.9967187
     ],
     [
      6.2124863,
      42.9967423
     ]
    ]
   }
  },
  {
   "type": "Feature",
   "properties": {
    "osm_id": 58721807,
    "nom": null,
    "type": "path",
    "sac_scale": "hiking",
    "surface": "dirt",
    "acces": null,
    "velo": null
   },
   "geometry": {
    "type": "LineString",
    "coordinates": [
     [
      6.2129734,
      42.9962478
     ],
     [
      6.2128564,
      42.996395
     ],
     [
      6.2127464,
      42.9965127
     ],
     [
      6.2126418,
      42.9967187
     ],
     [
      6.2126445,
      42.9967697
     ],
     [
      6.2125506,
      42.9968541
     ],
     [
      6.2124514,
      42.9969051
     ],
     [
      6.2122583,
      42.9970032
     ],
     [
      6.2121054,
      42.997113
     ],
     [
      6.2120437,
      42.9971876
     ]
    ]
   }
  },
  {
   "type": "Feature",
   "properties": {
    "osm_id": 58721809,
    "nom": null,
    "type": "path",
    "sac_scale": "hiking",
    "surface": null,
    "acces": null,
    "velo": null
   },
   "geometry": {
    "type": "LineString",
    "coordinates": [
     [
      6.2126445,
      42.9967697
     ],
     [
      6.212776,
      42.9967619
     ],
     [
      6.2130147,
      42.9967599
     ]
    ]
   }
  },
  {
   "type": "Feature",
   "properties": {
    "osm_id": 59038742,
    "nom": null,
    "type": "path",
    "sac_scale": null,
    "surface": null,
    "acces": null,
    "velo": null
   },
   "geometry": {
    "type": "LineString",
    "coordinates": [
     [
      6.1839052,
      43.0073945
     ],
     [
      6.1838041,
      43.0074055
     ],
     [
      6.183729,
      43.0073938
     ],
     [
      6.1836968,
      43.0074232
     ],
     [
      6.1836057,
      43.0074212
     ],
     [
      6.1835574,
      43.0074016
     ],
     [
      6.1835332,
      43.007384
     ],
     [
      6.1835493,
      43.007329
     ],
     [
      6.1835869,
      43.0072957
     ],
     [
      6.1836566,
      43.0072055
     ]
    ]
   }
  },
  {
   "type": "Feature",
   "properties": {
    "osm_id": 59038743,
    "nom": "Ancien Débarquadaire",
    "type": "track",
    "sac_scale": null,
    "surface": null,
    "acces": null,
    "velo": null
   },
   "geometry": {
    "type": "LineString",
    "coordinates": [
     [
      6.1856307,
      43.0076095
     ],
     [
      6.1858238,
      43.0075801
     ]
    ]
   }
  },
  {
   "type": "Feature",
   "properties": {
    "osm_id": 59038744,
    "nom": null,
    "type": "path",
    "sac_scale": null,
    "surface": null,
    "acces": null,
    "velo": null
   },
   "geometry": {
    "type": "LineString",
    "coordinates": [
     [
      6.1855717,
      43.0051538
     ],
     [
      6.185478,
      43.0050952
     ],
     [
      6.1854644,
      43.0050538
     ],
     [
      6.1855347,
      43.0049629
     ],
     [
      6.1855991,
      43.0049561
     ],
     [
      6.185687,
      43.0049223
     ],
     [
      6.1857729,
      43.0048753
     ],
     [
      6.1858374,
      43.0048245
     ],
     [
      6.1859626,
      43.0046373
     ],
     [
      6.1859526,
      43.0046108
     ],
     [
      6.1859634,
      43.0044107
     ],
     [
      6.1861135,
      43.0043673
     ],
     [
      6.1862423,
      43.004277
     ],
     [
      6.1865588,
      43.0041769
     ],
     [
      6.1869505,
      43.0040478
     ],
     [
      6.1874036,
      43.0039593
     ],
     [
      6.1875492,
      43.0039182
     ],
     [
      6.188154,
      43.0037014
     ]
    ]
   }
  },
  {
   "type": "Feature",
   "properties": {
    "osm_id": 59038745,
    "nom": null,
    "type": "path",
    "sac_scale": null,
    "surface": "dirt",
    "acces": null,
    "velo": null
   },
   "geometry": {
    "type": "LineString",
    "coordinates": [
     [
      6.1843732,
      43.0053713
     ],
     [
      6.1847916,
      43.0052948
     ],
     [
      6.1853464,
      43.0052656
     ]
    ]
   }
  },
  {
   "type": "Feature",
   "properties": {
    "osm_id": 59038746,
    "nom": null,
    "type": "steps",
    "sac_scale": null,
    "surface": null,
    "acces": null,
    "velo": null
   },
   "geometry": {
    "type": "LineString",
    "coordinates": [
     [
      6.1853464,
      43.0052656
     ],
     [
      6.1855007,
      43.0053017
     ],
     [
      6.1855374,
      43.0053278
     ]
    ]
   }
  },
  {
   "type": "Feature",
   "properties": {
    "osm_id": 59038837,
    "nom": null,
    "type": "path",
    "sac_scale": "hiking",
    "surface": null,
    "acces": null,
    "velo": null
   },
   "geometry": {
    "type": "LineString",
    "coordinates": [
     [
      6.1845954,
      43.0075703
     ],
     [
      6.1847751,
      43.0077154
     ],
     [
      6.1848126,
      43.0078606
     ],
     [
      6.1847322,
      43.0080136
     ],
     [
      6.1848165,
      43.0081375
     ],
     [
      6.1846717,
      43.0081728
     ],
     [
      6.1844679,
      43.0081492
     ]
    ]
   }
  },
  {
   "type": "Feature",
   "properties": {
    "osm_id": 59038838,
    "nom": null,
    "type": "path",
    "sac_scale": "mountain_hiking",
    "surface": null,
    "acces": null,
    "velo": null
   },
   "geometry": {
    "type": "LineString",
    "coordinates": [
     [
      6.1844679,
      43.0081492
     ],
     [
      6.1842762,
      43.008247
     ],
     [
      6.1841367,
      43.0083274
     ],
     [
      6.1834957,
      43.008245
     ],
     [
      6.183206,
      43.008196
     ],
     [
      6.1833052,
      43.0080253
     ],
     [
      6.183201,
      43.0080296
     ],
     [
      6.1829217,
      43.008041
     ],
     [
      6.1826106,
      43.0080587
     ],
     [
      6.1825354,
      43.0079371
     ],
     [
      6.1821412,
      43.0079626
     ],
     [
      6.1818381,
      43.0078488
     ],
     [
      6.1815055,
      43.0079175
     ],
     [
      6.1814199,
      43.0078336
     ]
    ]
   }
  },
  {
   "type": "Feature",
   "properties": {
    "osm_id": 59062507,
    "nom": null,
    "type": "footway",
    "sac_scale": null,
    "surface": null,
    "acces": "private",
    "velo": null
   },
   "geometry": {
    "type": "LineString",
    "coordinates": [
     [
      6.2020054,
      42.998927
     ],
     [
      6.2020369,
      42.9989193
     ],
     [
      6.2021936,
      42.998881
     ],
     [
      6.2023541,
      42.9985526
     ],
     [
      6.2025063,
      42.998056
     ],
     [
      6.2024936,
      42.9980158
     ]
    ]
   }
  },
  {
   "type": "Feature",
   "properties": {
    "osm_id": 59062512,
    "nom": null,
    "type": "footway",
    "sac_scale": null,
    "surface": null,
    "acces": "private",
    "velo": null
   },
   "geometry": {
    "type": "LineString",
    "coordinates": [
     [
      6.2018887,
      42.9984245
     ],
     [
      6.2019223,
      42.9984287
     ],
     [
      6.2020798,
      42.9984646
     ],
     [
      6.2021289,
      42.998498
     ],
     [
      6.2023541,
      42.9985526
     ]
    ]
   }
  },
  {
   "type": "Feature",
   "properties": {
    "osm_id": 59062515,
    "nom": null,
    "type": "track",
    "sac_scale": null,
    "surface": null,
    "acces": "private",
    "velo": null
   },
   "geometry": {
    "type": "LineString",
    "coordinates": [
     [
      6.1983408,
      42.9986851
     ],
     [
      6.1985064,
      42.9986695
     ]
    ]
   }
  },
  {
   "type": "Feature",
   "properties": {
    "osm_id": 59062520,
    "nom": null,
    "type": "track",
    "sac_scale": null,
    "surface": null,
    "acces": null,
    "velo": null
   },
   "geometry": {
    "type": "LineString",
    "coordinates": [
     [
      6.2001034,
      42.9983753
     ],
     [
      6.2001415,
      42.9983707
     ]
    ]
   }
  },
  {
   "type": "Feature",
   "properties": {
    "osm_id": 59161225,
    "nom": null,
    "type": "track",
    "sac_scale": null,
    "surface": null,
    "acces": null,
    "velo": null
   },
   "geometry": {
    "type": "LineString",
    "coordinates": [
     [
      6.201249,
      42.9885653
     ],
     [
      6.2019956,
      42.988209
     ]
    ]
   }
  },
  {
   "type": "Feature",
   "properties": {
    "osm_id": 59529471,
    "nom": null,
    "type": "path",
    "sac_scale": null,
    "surface": null,
    "acces": null,
    "velo": null
   },
   "geometry": {
    "type": "LineString",
    "coordinates": [
     [
      6.1844693,
      43.0076389
     ],
     [
      6.1845954,
      43.0075703
     ],
     [
      6.1847027,
      43.0075683
     ],
     [
      6.1849575,
      43.007584
     ],
     [
      6.1852203,
      43.0076193
     ],
     [
      6.1855288,
      43.0076154
     ],
     [
      6.1856307,
      43.0076095
     ]
    ]
   }
  },
  {
   "type": "Feature",
   "properties": {
    "osm_id": 60208296,
    "nom": "Boucle de Brégançonnet",
    "type": "track",
    "sac_scale": null,
    "surface": null,
    "acces": null,
    "velo": null
   },
   "geometry": {
    "type": "LineString",
    "coordinates": [
     [
      6.1808256,
      42.9981183
     ],
     [
      6.1808342,
      42.9981788
     ],
     [
      6.18089,
      42.9982027
     ],
     [
      6.1810254,
      42.9981625
     ],
     [
      6.1812285,
      42.9981513
     ],
     [
      6.1814298,
      42.9982058
     ],
     [
      6.1816383,
      42.9984832
     ],
     [
      6.1817456,
      42.99875
     ],
     [
      6.1817087,
      42.9989277
     ],
     [
      6.1815961,
      42.9992141
     ],
     [
      6.1813057,
      42.9994249
     ],
     [
      6.1808873,
      42.9995818
     ],
     [
      6.1806566,
      42.9996622
     ],
     [
      6.1801336,
      42.9997446
     ],
     [
      6.180096,
      42.9998368
     ],
     [
      6.180161,
      42.9999301
     ],
     [
      6.1803482,
      43.0000899
     ],
     [
      6.1803616,
      43.0001781
     ],
     [
      6.1803294,
      43.0003664
     ],
     [
      6.180284,
      43.0004965
     ]
    ]
   }
  },
  {
   "type": "Feature",
   "properties": {
    "osm_id": 60211581,
    "nom": null,
    "type": "track",
    "sac_scale": null,
    "surface": null,
    "acces": null,
    "velo": null
   },
   "geometry": {
    "type": "LineString",
    "coordinates": [
     [
      6.1939725,
      42.9991122
     ],
     [
      6.1938759,
      42.9991161
     ]
    ]
   }
  },
  {
   "type": "Feature",
   "properties": {
    "osm_id": 60211582,
    "nom": null,
    "type": "track",
    "sac_scale": null,
    "surface": null,
    "acces": null,
    "velo": null
   },
   "geometry": {
    "type": "LineString",
    "coordinates": [
     [
      6.1938759,
      42.9991161
     ],
     [
      6.193664,
      42.99912
     ]
    ]
   }
  },
  {
   "type": "Feature",
   "properties": {
    "osm_id": 60212837,
    "nom": null,
    "type": "path",
    "sac_scale": "mountain_hiking",
    "surface": null,
    "acces": null,
    "velo": "no"
   },
   "geometry": {
    "type": "LineString",
    "coordinates": [
     [
      6.2081113,
      42.9842774
     ],
     [
      6.2082481,
      42.9842088
     ]
    ]
   }
  },
  {
   "type": "Feature",
   "properties": {
    "osm_id": 60213535,
    "nom": null,
    "type": "track",
    "sac_scale": null,
    "surface": null,
    "acces": null,
    "velo": null
   },
   "geometry": {
    "type": "LineString",
    "coordinates": [
     [
      6.2020654,
      42.9922138
     ],
     [
      6.2020452,
      42.9904134
     ],
     [
      6.2020506,
      42.9901741
     ],
     [
      6.2019916,
      42.9898013
     ],
     [
      6.2020173,
      42.9890183
     ],
     [
      6.202018,
      42.9889969
     ]
    ]
   }
  },
  {
   "type": "Feature",
   "properties": {
    "osm_id": 60213537,
    "nom": null,
    "type": "path",
    "sac_scale": null,
    "surface": null,
    "acces": null,
    "velo": null
   },
   "geometry": {
    "type": "LineString",
    "coordinates": [
     [
      6.2008896,
      42.9927705
     ],
     [
      6.2007221,
      42.9918259
     ],
     [
      6.200222,
      42.9915024
     ],
     [
      6.1997739,
      42.9912809
     ]
    ]
   }
  },
  {
   "type": "Feature",
   "properties": {
    "osm_id": 60215051,
    "nom": null,
    "type": "steps",
    "sac_scale": null,
    "surface": null,
    "acces": null,
    "velo": null
   },
   "geometry": {
    "type": "LineString",
    "coordinates": [
     [
      6.2032144,
      43.0034338
     ],
     [
      6.2031643,
      43.003374
     ]
    ]
   }
  },
  {
   "type": "Feature",
   "properties": {
    "osm_id": 60255555,
    "nom": null,
    "type": "footway",
    "sac_scale": null,
    "surface": "concrete",
    "acces": null,
    "velo": null
   },
   "geometry": {
    "type": "LineString",
    "coordinates": [
     [
      6.15571,
      43.0280311
     ],
     [
      6.1557314,
      43.0280448
     ],
     [
      6.1557633,
      43.0280652
     ],
     [
      6.1558743,
      43.0281979
     ],
     [
      6.155946,
      43.0282837
     ],
     [
      6.1559552,
      43.0282997
     ]
    ]
   }
  },
  {
   "type": "Feature",
   "properties": {
    "osm_id": 62379671,
    "nom": null,
    "type": "footway",
    "sac_scale": null,
    "surface": null,
    "acces": "private",
    "velo": null
   },
   "geometry": {
    "type": "LineString",
    "coordinates": [
     [
      6.2018307,
      42.9980718
     ],
     [
      6.2018845,
      42.9980678
     ],
     [
      6.2024936,
      42.9980158
     ],
     [
      6.2025704,
      42.9979295
     ]
    ]
   }
  },
  {
   "type": "Feature",
   "properties": {
    "osm_id": 63530213,
    "nom": null,
    "type": "path",
    "sac_scale": "hiking",
    "surface": "dirt",
    "acces": null,
    "velo": "no"
   },
   "geometry": {
    "type": "LineString",
    "coordinates": [
     [
      6.2160936,
      42.9920407
     ],
     [
      6.2159793,
      42.992027
     ],
     [
      6.2157471,
      42.9919896
     ],
     [
      6.2154734,
      42.9919032
     ],
     [
      6.2152964,
      42.991758
     ],
     [
      6.2150418,
      42.9917078
     ],
     [
      6.2149055,
      42.9916355
     ],
     [
      6.214779,
      42.9916048
     ],
     [
      6.2146771,
      42.9915068
     ],
     [
      6.2145844,
      42.991421
     ]
    ]
   }
  },
  {
   "type": "Feature",
   "properties": {
    "osm_id": 63530214,
    "nom": "Chemin de la Grand Cale Est",
    "type": "track",
    "sac_scale": "hiking",
    "surface": null,
    "acces": null,
    "velo": null
   },
   "geometry": {
    "type": "LineString",
    "coordinates": [
     [
      6.2091837,
      42.9921959
     ],
     [
      6.2091971,
      42.9921783
     ],
     [
      6.2092347,
      42.9921547
     ],
     [
      6.2092804,
      42.9921825
     ],
     [
      6.2091837,
      42.9921959
     ]
    ]
   }
  },
  {
   "type": "Feature",
   "properties": {
    "osm_id": 65349941,
    "nom": null,
    "type": "path",
    "sac_scale": "hiking",
    "surface": null,
    "acces": null,
    "velo": null
   },
   "geometry": {
    "type": "LineString",
    "coordinates": [
     [
      6.2065494,
      42.9975675
     ],
     [
      6.2070357,
      42.9977373
     ],
     [
      6.2071912,
      42.9978276
     ],
     [
      6.2074436,
      42.9979553
     ]
    ]
   }
  },
  {
   "type": "Feature",
   "properties": {
    "osm_id": 67145620,
    "nom": null,
    "type": "path",
    "sac_scale": "hiking",
    "surface": "dirt",
    "acces": null,
    "velo": null
   },
   "geometry": {
    "type": "LineString",
    "coordinates": [
     [
      6.1645921,
      42.998781
     ],
     [
      6.1646162,
      42.9987948
     ],
     [
      6.1646276,
      42.9988074
     ],
     [
      6.1646336,
      42.9988369
     ],
     [
      6.1646765,
      42.9989016
     ],
     [
      6.1647168,
      42.9989409
     ],
     [
      6.1647611,
      42.9989144
     ],
     [
      6.1647865,
      42.9988918
     ],
     [
      6.1648375,
      42.9988487
     ],
     [
      6.1648925,
      42.9988526
     ],
     [
      6.1649394,
      42.9988732
     ],
     [
      6.1649904,
      42.9988732
     ],
     [
      6.1650373,
      42.9989075
     ],
     [
      6.1651379,
      42.9989536
     ],
     [
      6.1652742,
      42.9990129
     ],
     [
      6.1653627,
      42.9990992
     ],
     [
      6.1656067,
      42.9991777
     ],
     [
      6.1659205,
      42.9992595
     ],
     [
      6.1661486,
      42.9993543
     ],
     [
      6.1662827,
      42.9993641
     ],
     [
      6.1663784,
      42.9993636
     ],
     [
      6.16642,
      42.9994028
     ],
     [
      6.1663999,
      42.9994725
     ],
     [
      6.1663846,
      42.9995857
     ],
     [
      6.1665241,
      42.9998486
     ]
    ]
   }
  },
  {
   "type": "Feature",
   "properties": {
    "osm_id": 67196915,
    "nom": null,
    "type": "path",
    "sac_scale": "mountain_hiking",
    "surface": null,
    "acces": null,
    "velo": null
   },
   "geometry": {
    "type": "LineString",
    "coordinates": [
     [
      6.1645827,
      42.9991067
     ],
     [
      6.1646149,
      42.9990409
     ],
     [
      6.1646953,
      42.9989889
     ],
     [
      6.1647155,
      42.998962
     ],
     [
      6.1647168,
      42.9989409
     ]
    ]
   }
  },
  {
   "type": "Feature",
   "properties": {
    "osm_id": 67508736,
    "nom": null,
    "type": "path",
    "sac_scale": null,
    "surface": null,
    "acces": "private",
    "velo": null
   },
   "geometry": {
    "type": "LineString",
    "coordinates": [
     [
      6.2049635,
      43.0007917
     ],
     [
      6.2048508,
      43.0009704
     ],
     [
      6.2048107,
      43.0009691
     ],
     [
      6.2047656,
      43.000983
     ],
     [
      6.2047323,
      43.0010159
     ],
     [
      6.204721,
      43.0010602
     ],
     [
      6.2046159,
      43.001319
     ],
     [
      6.2047363,
      43.0014552
     ]
    ]
   }
  },
  {
   "type": "Feature",
   "properties": {
    "osm_id": 67508737,
    "nom": null,
    "type": "path",
    "sac_scale": null,
    "surface": null,
    "acces": "private",
    "velo": null
   },
   "geometry": {
    "type": "LineString",
    "coordinates": [
     [
      6.2053779,
      43.0008059
     ],
     [
      6.2052435,
      43.0007894
     ],
     [
      6.2050504,
      43.0006011
     ],
     [
      6.2049431,
      43.0006364
     ],
     [
      6.2049002,
      43.0005854
     ],
     [
      6.2048176,
      43.0006135
     ]
    ]
   }
  },
  {
   "type": "Feature",
   "properties": {
    "osm_id": 69593122,
    "nom": null,
    "type": "path",
    "sac_scale": "hiking",
    "surface": null,
    "acces": null,
    "velo": null
   },
   "geometry": {
    "type": "LineString",
    "coordinates": [
     [
      6.1930254,
      42.9916043
     ],
     [
      6.1929243,
      42.9915893
     ],
     [
      6.1927754,
      42.9915874
     ],
     [
      6.1926761,
      42.9915736
     ],
     [
      6.1925447,
      42.9916149
     ],
     [
      6.1924804,
      42.9916973
     ],
     [
      6.1924213,
      42.9918189
     ],
     [
      6.1923355,
      42.9919445
     ],
     [
      6.1922336,
      42.9920072
     ],
     [
      6.1920646,
      42.9920818
     ],
     [
      6.1919371,
      42.9920974
     ],
     [
      6.1916677,
      42.9921132
     ],
     [
      6.1914531,
      42.9921504
     ],
     [
      6.1911581,
      42.9921642
     ],
     [
      6.1910346,
      42.9922054
     ],
     [
      6.1909837,
      42.9922937
     ],
     [
      6.1908657,
      42.99238
     ],
     [
      6.1908496,
      42.9924428
     ],
     [
      6.1908549,
      42.9924977
     ],
     [
      6.1909032,
      42.9925723
     ],
     [
      6.19093,
      42.9926507
     ],
     [
      6.1909098,
      42.9927154
     ],
     [
      6.1908454,
      42.9927625
     ],
     [
      6.1907488,
      42.9927704
     ],
     [
      6.1905492,
      42.9926821
     ],
     [
      6.1904145,
      42.9926607
     ],
     [
      6.1902643,
      42.992645
     ],
     [
      6.1901356,
      42.9926528
     ],
     [
      6.1899081,
      42.9925742
     ],
     [
      6.1896909,
      42.9926704
     ],
     [
      6.1895407,
      42.9927645
     ],
     [
      6.1894227,
      42.9928174
     ],
     [
      6.1892832,
      42.9929332
     ],
     [
      6.1891678,
      42.992994
     ],
     [
      6.1891651,
      42.9930745
     ],
     [
      6.189192,
      42.9931177
     ],
     [
      6.1891973,
      42.9932001
     ],
     [
      6.1891598,
      42.9932707
     ],
     [
      6.1890793,
      42.9933099
     ],
     [
      6.1889179,
      42.9933022
     ],
     [
      6.1885402,
      42.9934793
     ],
     [
      6.1884892,
      42.993565
     ],
     [
      6.1882795,
      42.9936573
     ],
     [
      6.1881084,
      42.9937572
     ],
     [
      6.1878827,
      42.9937795
     ],
     [
      6.1877298,
      42.9938344
     ],
     [
      6.1875769,
      42.9938619
     ],
     [
      6.1871637,
      42.9940732
     ],
     [
      6.1869294,
      42.9941083
     ],
     [
      6.1865308,
      42.9941581
     ],
     [
      6.1864021,
      42.9941679
     ],
     [
      6.1863592,
      42.9941817
     ],
     [
      6.186327,
      42.9941836
     ],
     [
      6.186268,
      42.9941611
     ],
     [
      6.1861821,
      42.9941562
     ],
     [
      6.1860548,
      42.9941513
     ],
     [
      6.1859716,
      42.9941611
     ],
     [
      6.1859444,
      42.9941509
     ],
     [
      6.1859434,
      42.9941316
     ],
     [
      6.185981,
      42.9941218
     ],
     [
      6.1859797,
      42.9941022
     ],
     [
      6.1859461,
      42.9940905
     ],
     [
      6.1859005,
      42.9941003
     ],
     [
      6.1858697,
      42.9941228
     ],
     [
      6.1858187,
      42.994114
     ],
     [
      6.1858133,
      42.9940581
     ],
     [
      6.1858361,
      42.9940268
     ],
     [
      6.1858227,
      42.994016
     ],
     [
      6.1858,
      42.994014
     ],
     [
      6.1856322,
      42.9941218
     ],
     [
      6.1856269,
      42.9940865
     ],
     [
      6.1856457,
      42.9940237
     ],
     [
      6.1857158,
      42.9939776
     ],
     [
      6.1857422,
      42.9939374
     ],
     [
      6.1857077,
      42.9939247
     ],
     [
      6.1856591,
      42.993957
     ],
     [
      6.1856028,
      42.9939835
     ],
     [
      6.1855411,
      42.9940012
     ],
     [
      6.185466,
      42.9940375
     ],
     [
      6.1854338,
      42.9940355
     ],
     [
      6.1854352,
      42.9940169
     ],
     [
      6.1855491,
      42.9939315
     ],
     [
      6.1856055,
      42.9938864
     ],
     [
      6.1856135,
      42.9938629
     ],
     [
      6.1856149,
      42.9938138
     ],
     [
      6.1855438,
      42.9938237
     ],
     [
      6.1854325,
      42.9938305
     ],
     [
      6.1853721,
      42.9938521
     ],
     [
      6.1852099,
      42.9938511
     ],
     [
      6.1851884,
      42.9938197
     ],
     [
      6.1852457,
      42.9937407
     ],
     [
      6.1852638,
      42.9936878
     ],
     [
      6.1851689,
      42.9937162
     ],
     [
      6.1849309,
      42.9938334
     ],
     [
      6.1846708,
      42.9940826
     ],
     [
      6.1845782,
      42.9941611
     ],
     [
      6.1845393,
      42.9940943
     ],
     [
      6.1845165,
      42.99401
     ],
     [
      6.1844923,
      42.9938835
     ],
     [
      6.1845353,
      42.9937776
     ],
     [
      6.1845165,
      42.9936843
     ],
     [
      6.1844669,
      42.9936078
     ],
     [
      6.1843703,
      42.9935244
     ],
     [
      6.1842134,
      42.9933655
     ],
     [
      6.1841585,
      42.993292
     ],
     [
      6.1841503,
      42.9932302
     ],
     [
      6.1840686,
      42.9931615
     ],
     [
      6.1840016,
      42.9931291
     ],
     [
      6.18374,
      42.9931566
     ],
     [
      6.1835556,
      42.9932515
     ],
     [
      6.1834382,
      42.9933891
     ],
     [
      6.1833766,
      42.9934499
     ],
     [
      6.1833202,
      42.9935087
     ],
     [
      6.18328,
      42.993653
     ],
     [
      6.1831674,
      42.9938697
     ],
     [
      6.1831374,
      42.9939932
     ],
     [
      6.1831287,
      42.9941044
     ],
     [
      6.1830654,
      42.9942169
     ],
     [
      6.1830053,
      42.9942673
     ],
     [
      6.1827113,
      42.9944073
     ],
     [
      6.1825934,
      42.9944622
     ],
     [
      6.1824543,
      42.9945152
     ],
     [
      6.1825665,
      42.9945426
     ],
     [
      6.1827704,
      42.9945475
     ],
     [
      6.1829809,
      42.9945524
     ],
     [
      6.1830068,
      42.9945956
     ],
     [
      6.1829313,
      42.9946741
     ],
     [
      6.1828414,
      42.9948477
     ],
     [
      6.1828294,
      42.9949017
     ],
     [
      6.1828469,
      42.9949576
     ],
     [
      6.1828482,
      42.9950664
     ],
     [
      6.1828307,
      42.995139
     ],
     [
      6.1828723,
      42.9952282
     ],
     [
      6.1828979,
      42.9952773
     ],
     [
      6.1829005,
      42.9953184
     ],
     [
      6.1828414,
      42.9953852
     ],
     [
      6.1827663,
      42.9954696
     ]
    ]
   }
  },
  {
   "type": "Feature",
   "properties": {
    "osm_id": 69593682,
    "nom": "Sentier de la Vigie",
    "type": "path",
    "sac_scale": "mountain_hiking",
    "surface": null,
    "acces": null,
    "velo": null
   },
   "geometry": {
    "type": "LineString",
    "coordinates": [
     [
      6.1900869,
      42.9964168
     ],
     [
      6.1900761,
      42.9962893
     ],
     [
      6.190061,
      42.9960898
     ],
     [
      6.1900825,
      42.9959309
     ],
     [
      6.1900691,
      42.9956818
     ],
     [
      6.190112,
      42.995617
     ],
     [
      6.1901361,
      42.995515
     ],
     [
      6.1901039,
      42.9953502
     ],
     [
      6.1900878,
      42.9952717
     ],
     [
      6.1901039,
      42.9950716
     ],
     [
      6.1900767,
      42.9949958
     ],
     [
      6.1900449,
      42.994848
     ],
     [
      6.190002,
      42.9948205
     ],
     [
      6.1899805,
      42.9947852
     ],
     [
      6.1900074,
      42.9947617
     ],
     [
      6.1899376,
      42.9946597
     ],
     [
      6.1898196,
      42.9945106
     ],
     [
      6.1896368,
      42.9943955
     ],
     [
      6.1893418,
      42.9942699
     ],
     [
      6.1891809,
      42.9942346
     ],
     [
      6.1890092,
      42.9942582
     ],
     [
      6.1888808,
      42.9942712
     ],
     [
      6.1888111,
      42.9942516
     ],
     [
      6.1887199,
      42.9942045
     ],
     [
      6.188618,
      42.9941849
     ],
     [
      6.1885103,
      42.9941012
     ],
     [
      6.1882961,
      42.994079
     ],
     [
      6.1882639,
      42.9940515
     ],
     [
      6.1882478,
      42.9940123
     ],
     [
      6.1882045,
      42.9939443
     ],
     [
      6.1881723,
      42.9938776
     ],
     [
      6.1880275,
      42.9938462
     ],
     [
      6.1878827,
      42.9937795
     ]
    ]
   }
  },
  {
   "type": "Feature",
   "properties": {
    "osm_id": 69593683,
    "nom": null,
    "type": "path",
    "sac_scale": "hiking",
    "surface": null,
    "acces": null,
    "velo": null
   },
   "geometry": {
    "type": "LineString",
    "coordinates": [
     [
      6.1900869,
      42.9964168
     ],
     [
      6.1898133,
      42.9964089
     ],
     [
      6.1897087,
      42.9964148
     ],
     [
      6.189456,
      42.9965316
     ],
     [
      6.1892446,
      42.9966188
     ],
     [
      6.1890328,
      42.9966228
     ],
     [
      6.1887699,
      42.9967071
     ],
     [
      6.1886733,
      42.9967777
     ],
     [
      6.18855,
      42.9968738
     ],
     [
      6.1884883,
      42.9970288
     ],
     [
      6.1883595,
      42.9971151
     ],
     [
      6.1882764,
      42.9971799
     ],
     [
      6.1881905,
      42.9972407
     ],
     [
      6.1881664,
      42.9973467
     ],
     [
      6.188102,
      42.9974349
     ],
     [
      6.1880215,
      42.9974976
     ],
     [
      6.1879411,
      42.9975821
     ],
     [
      6.1878473,
      42.9976585
     ],
     [
      6.1878231,
      42.9977194
     ],
     [
      6.1877667,
      42.9978096
     ],
     [
      6.1877855,
      42.9979155
     ],
     [
      6.1878096,
      42.9980352
     ],
     [
      6.1878231,
      42.9981431
     ],
     [
      6.187792,
      42.9982509
     ]
    ]
   }
  },
  {
   "type": "Feature",
   "properties": {
    "osm_id": 69593684,
    "nom": null,
    "type": "track",
    "sac_scale": null,
    "surface": null,
    "acces": null,
    "velo": null
   },
   "geometry": {
    "type": "LineString",
    "coordinates": [
     [
      6.1928588,
      42.9954564
     ],
     [
      6.1927298,
      42.9955196
     ],
     [
      6.1926317,
      42.9956527
     ]
    ]
   }
  },
  {
   "type": "Feature",
   "properties": {
    "osm_id": 69707936,
    "nom": null,
    "type": "path",
    "sac_scale": "hiking",
    "surface": null,
    "acces": null,
    "velo": null
   },
   "geometry": {
    "type": "LineString",
    "coordinates": [
     [
      6.1878391,
      42.9984844
     ],
     [
      6.1879894,
      42.9983785
     ],
     [
      6.1881181,
      42.998351
     ],
     [
      6.18822,
      42.9983079
     ],
     [
      6.188322,
      42.9982921
     ],
     [
      6.1884507,
      42.998194
     ],
     [
      6.1886331,
      42.9981313
     ],
     [
      6.1888101,
      42.9980489
     ],
     [
      6.1889281,
      42.997994
     ],
     [
      6.1890623,
      42.9979116
     ],
     [
      6.1892232,
      42.9978763
     ],
     [
      6.1894217,
      42.9978489
     ],
     [
      6.1895879,
      42.9978136
     ],
     [
      6.1897388,
      42.9978129
     ]
    ]
   }
  },
  {
   "type": "Feature",
   "properties": {
    "osm_id": 69708004,
    "nom": null,
    "type": "track",
    "sac_scale": null,
    "surface": null,
    "acces": null,
    "velo": null
   },
   "geometry": {
    "type": "LineString",
    "coordinates": [
     [
      6.1950384,
      42.9974337
     ],
     [
      6.195108,
      42.9973152
     ],
     [
      6.195108,
      42.9972407
     ],
     [
      6.1949953,
      42.9970053
     ],
     [
      6.194888,
      42.9968562
     ],
     [
      6.1948236,
      42.996715
     ],
     [
      6.194829,
      42.9965659
     ],
     [
      6.1949363,
      42.9964285
     ],
     [
      6.1950704,
      42.9962951
     ],
     [
      6.1951723,
      42.9961774
     ],
     [
      6.1951991,
      42.9961029
     ],
     [
      6.1951884,
      42.9959891
     ],
     [
      6.1951361,
      42.9959095
     ]
    ]
   }
  },
  {
   "type": "Feature",
   "properties": {
    "osm_id": 70986971,
    "nom": null,
    "type": "track",
    "sac_scale": null,
    "surface": null,
    "acces": "private",
    "velo": null
   },
   "geometry": {
    "type": "LineString",
    "coordinates": [
     [
      6.2058255,
      42.9909787
     ],
     [
      6.2058388,
      42.9909064
     ],
     [
      6.2060355,
      42.9905366
     ]
    ]
   }
  },
  {
   "type": "Feature",
   "properties": {
    "osm_id": 70986972,
    "nom": "Chemin de la Grand Cale",
    "type": "track",
    "sac_scale": null,
    "surface": null,
    "acces": "private",
    "velo": null
   },
   "geometry": {
    "type": "LineString",
    "coordinates": [
     [
      6.2061521,
      42.9905288
     ],
     [
      6.2062619,
      42.9905168
     ]
    ]
   }
  },
  {
   "type": "Feature",
   "properties": {
    "osm_id": 70986973,
    "nom": "Chemin de Grand-Cale",
    "type": "track",
    "sac_scale": null,
    "surface": "compacted",
    "acces": null,
    "velo": null
   },
   "geometry": {
    "type": "LineString",
    "coordinates": [
     [
      6.2062619,
      42.9905168
     ],
     [
      6.2063647,
      42.9903847
     ],
     [
      6.2066543,
      42.9901586
     ],
     [
      6.2069458,
      42.9898882
     ],
     [
      6.2070567,
      42.9897294
     ],
     [
      6.2072895,
      42.9895694
     ],
     [
      6.2074901,
      42.9894699
     ],
     [
      6.2078787,
      42.9891231
     ],
     [
      6.2080954,
      42.9889688
     ],
     [
      6.2082835,
      42.9888437
     ],
     [
      6.2087395,
      42.9887061
     ],
     [
      6.2092412,
      42.9886561
     ],
     [
      6.2096531,
      42.9887327
     ],
     [
      6.2099856,
      42.9887876
     ],
     [
      6.2103236,
      42.9889721
     ],
     [
      6.2106455,
      42.9890741
     ],
     [
      6.2109913,
      42.9891898
     ],
     [
      6.2113911,
      42.9891369
     ],
     [
      6.211654,
      42.9889917
     ],
     [
      6.2118364,
      42.9887916
     ],
     [
      6.212067,
      42.9886581
     ],
     [
      6.2122602,
      42.9885757
     ],
     [
      6.2125258,
      42.9885441
     ]
    ]
   }
  },
  {
   "type": "Feature",
   "properties": {
    "osm_id": 70986975,
    "nom": null,
    "type": "path",
    "sac_scale": "hiking",
    "surface": "dirt",
    "acces": null,
    "velo": null
   },
   "geometry": {
    "type": "LineString",
    "coordinates": [
     [
      6.2058255,
      42.9909787
     ],
     [
      6.2058765,
      42.9909238
     ],
     [
      6.2060267,
      42.9907845
     ],
     [
      6.2062654,
      42.9905667
     ],
     [
      6.2062619,
      42.9905168
     ]
    ]
   }
  },
  {
   "type": "Feature",
   "properties": {
    "osm_id": 72983095,
    "nom": "Grand-Câle ouest",
    "type": "path",
    "sac_scale": "hiking",
    "surface": "dirt",
    "acces": null,
    "velo": null
   },
   "geometry": {
    "type": "LineString",
    "coordinates": [
     [
      6.2145844,
      42.991421
     ],
     [
      6.2144282,
      42.9911942
     ],
     [
      6.2143634,
      42.9910346
     ],
     [
      6.2142407,
      42.9908924
     ],
     [
      6.2140572,
      42.9908712
     ],
     [
      6.213848,
      42.9908595
     ],
     [
      6.2136441,
      42.990865
     ],
     [
      6.2133277,
      42.9907967
     ],
     [
      6.2131131,
      42.9906005
     ],
     [
      6.2129833,
      42.9903371
     ],
     [
      6.2129361,
      42.9901139
     ],
     [
      6.2127966,
      42.9899138
     ],
     [
      6.2125839,
      42.989678
     ],
     [
      6.2125488,
      42.9894424
     ],
     [
      6.212582,
      42.9893017
     ],
     [
      6.2124747,
      42.9891526
     ],
     [
      6.2124908,
      42.9889897
     ],
     [
      6.2125981,
      42.9888544
     ],
     [
      6.2127054,
      42.9887405
     ],
     [
      6.2126357,
      42.9886464
     ],
     [
      6.2125258,
      42.9885441
     ]
    ]
   }
  },
  {
   "type": "Feature",
   "properties": {
    "osm_id": 72983097,
    "nom": "Sentier de l'Indienne",
    "type": "path",
    "sac_scale": "hiking",
    "surface": null,
    "acces": null,
    "velo": "no"
   },
   "geometry": {
    "type": "LineString",
    "coordinates": [
     [
      6.2125258,
      42.9885441
     ],
     [
      6.2125259,
      42.9883913
     ],
     [
      6.2125055,
      42.9883015
     ],
     [
      6.2124236,
      42.9881893
     ],
     [
      6.2123749,
      42.9881008
     ],
     [
      6.2123077,
      42.9880247
     ],
     [
      6.2122829,
      42.9879611
     ],
     [
      6.212225,
      42.9879296
     ],
     [
      6.2120869,
      42.987939
     ],
     [
      6.2117316,
      42.9880073
     ],
     [
      6.2116055,
      42.9880098
     ],
     [
      6.2115032,
      42.9879474
     ],
     [
      6.2114555,
      42.9878377
     ],
     [
      6.21151,
      42.9876482
     ],
     [
      6.2115816,
      42.9874911
     ],
     [
      6.2115339,
      42.9873788
     ],
     [
      6.2113259,
      42.9872941
     ],
     [
      6.2112577,
      42.9872192
     ],
     [
      6.21091,
      42.9871245
     ],
     [
      6.2108282,
      42.9870497
     ],
     [
      6.2107362,
      42.9870696
     ],
     [
      6.2103612,
      42.9868601
     ],
     [
      6.210047,
      42.9865535
     ],
     [
      6.2094509,
      42.9862143
     ],
     [
      6.2090748,
      42.9861511
     ],
     [
      6.2087613,
      42.9861199
     ],
     [
      6.2086498,
      42.9860696
     ],
     [
      6.2084725,
      42.9859923
     ],
     [
      6.2082999,
      42.9859342
     ],
     [
      6.2083039,
      42.9857911
     ],
     [
      6.2082883,
      42.9855097
     ],
     [
      6.2083152,
      42.985388
     ],
     [
      6.2083157,
      42.9852841
     ],
     [
      6.2083426,
      42.9851891
     ],
     [
      6.2082066,
      42.9849998
     ],
     [
      6.2081113,
      42.984819
     ],
     [
      6.2080791,
      42.9846659
     ],
     [
      6.2080873,
      42.9845434
     ],
     [
      6.2081113,
      42.9842774
     ],
     [
      6.2080389,
      42.9842245
     ],
     [
      6.2079543,
      42.9841743
     ],
     [
      6.2077573,
      42.9840734
     ],
     [
      6.207532,
      42.9840184
     ],
     [
      6.2074247,
      42.9839439
     ],
     [
      6.2073657,
      42.9838438
     ],
     [
      6.2072959,
      42.9837653
     ],
     [
      6.207245,
      42.9837104
     ],
     [
      6.2071618,
      42.9836966
     ],
     [
      6.2070919,
      42.9837179
     ],
     [
      6.206848,
      42.9838046
     ],
     [
      6.2066763,
      42.9839419
     ],
     [
      6.2064832,
      42.9839733
     ],
     [
      6.2063518,
      42.9839674
     ],
     [
      6.2062472,
      42.9839223
     ],
     [
      6.2059897,
      42.9837634
     ],
     [
      6.205818,
      42.9836604
     ],
     [
      6.2057107,
      42.9835417
     ]
    ]
   }
  },
  {
   "type": "Feature",
   "properties": {
    "osm_id": 73895187,
    "nom": "Chemin des Chevraux",
    "type": "path",
    "sac_scale": "hiking",
    "surface": null,
    "acces": null,
    "velo": null
   },
   "geometry": {
    "type": "LineString",
    "coordinates": [
     [
      6.2011326,
      42.9866453
     ],
     [
      6.2011107,
      42.9864475
     ],
     [
      6.2010253,
      42.986088
     ],
     [
      6.2009203,
      42.9856941
     ],
     [
      6.2007196,
      42.9855465
     ],
     [
      6.2006016,
      42.9853974
     ],
     [
      6.2004996,
      42.9853307
     ],
     [
      6.2003141,
      42.9852644
     ],
     [
      6.2001313,
      42.9852283
     ],
     [
      6.199872,
      42.9852168
     ],
     [
      6.1996096,
      42.9850918
     ],
     [
      6.1995104,
      42.984929
     ],
     [
      6.1992439,
      42.9847033
     ]
    ]
   }
  },
  {
   "type": "Feature",
   "properties": {
    "osm_id": 74069476,
    "nom": "Sentier du Monastère",
    "type": "path",
    "sac_scale": "demanding_mountain_hiking",
    "surface": null,
    "acces": null,
    "velo": null
   },
   "geometry": {
    "type": "LineString",
    "coordinates": [
     [
      6.2409952,
      43.0181659
     ],
     [
      6.2410659,
      43.0182741
     ],
     [
      6.2411399,
      43.0183758
     ],
     [
      6.2411414,
      43.0184913
     ],
     [
      6.2410327,
      43.0185424
     ],
     [
      6.2410674,
      43.0186241
     ],
     [
      6.2411617,
      43.0186149
     ],
     [
      6.2411678,
      43.0186634
     ],
     [
      6.2411906,
      43.0187173
     ],
     [
      6.2411731,
      43.0187889
     ],
     [
      6.2411705,
      43.0188889
     ],
     [
      6.2411892,
      43.0189663
     ],
     [
      6.2411946,
      43.0190448
     ],
     [
      6.241267,
      43.0191487
     ],
     [
      6.2413569,
      43.0192164
     ],
     [
      6.2414239,
      43.0192634
     ],
     [
      6.2414736,
      43.0193517
     ],
     [
      6.2415111,
      43.0194791
     ],
     [
      6.2415902,
      43.0195782
     ],
     [
      6.2417376,
      43.0197049
     ],
     [
      6.2417279,
      43.0198439
     ],
     [
      6.2416926,
      43.0199779
     ],
     [
      6.2416175,
      43.0200132
     ]
    ]
   }
  },
  {
   "type": "Feature",
   "properties": {
    "osm_id": 74192274,
    "nom": null,
    "type": "path",
    "sac_scale": "mountain_hiking",
    "surface": "dirt",
    "acces": null,
    "velo": null
   },
   "geometry": {
    "type": "LineString",
    "coordinates": [
     [
      6.1702109,
      43.0047361
     ],
     [
      6.1700969,
      43.0046949
     ],
     [
      6.1699145,
      43.0046341
     ],
     [
      6.1698126,
      43.0046341
     ],
     [
      6.1696356,
      43.0045556
     ],
     [
      6.1695819,
      43.0045193
     ],
     [
      6.1695551,
      43.0044575
     ],
     [
      6.1695109,
      43.004435
     ],
     [
      6.1696665,
      43.0043751
     ],
     [
      6.1696837,
      43.0042834
     ]
    ]
   }
  },
  {
   "type": "Feature",
   "properties": {
    "osm_id": 74659610,
    "nom": null,
    "type": "path",
    "sac_scale": "mountain_hiking",
    "surface": null,
    "acces": null,
    "velo": null
   },
   "geometry": {
    "type": "LineString",
    "coordinates": [
     [
      6.240709,
      43.0246442
     ],
     [
      6.2406961,
      43.0245686
     ],
     [
      6.240694,
      43.0245564
     ],
     [
      6.2405966,
      43.0245017
     ],
     [
      6.2406208,
      43.0244535
     ],
     [
      6.2406587,
      43.0244431
     ],
     [
      6.2406822,
      43.024452
     ],
     [
      6.2407438,
      43.0244858
     ],
     [
      6.2407581,
      43.0245016
     ],
     [
      6.2409869,
      43.0244932
     ],
     [
      6.2410073,
      43.0244756
     ],
     [
      6.2410582,
      43.0243714
     ],
     [
      6.2410806,
      43.0242825
     ],
     [
      6.2411186,
      43.0242684
     ],
     [
      6.2412058,
      43.0242174
     ],
     [
      6.2412822,
      43.0242351
     ],
     [
      6.2412751,
      43.0242717
     ],
     [
      6.2413408,
      43.0243119
     ],
     [
      6.2414176,
      43.0242949
     ],
     [
      6.2414834,
      43.0243586
     ],
     [
      6.2413922,
      43.0244684
     ]
    ]
   }
  },
  {
   "type": "Feature",
   "properties": {
    "osm_id": 74659617,
    "nom": null,
    "type": "path",
    "sac_scale": "mountain_hiking",
    "surface": null,
    "acces": null,
    "velo": null
   },
   "geometry": {
    "type": "LineString",
    "coordinates": [
     [
      6.2404503,
      43.0244884
     ],
     [
      6.240322,
      43.0245939
     ],
     [
      6.2402049,
      43.0246325
     ],
     [
      6.2402415,
      43.0247057
     ],
     [
      6.2402093,
      43.0248077
     ],
     [
      6.2400993,
      43.0248861
     ],
     [
      6.2400511,
      43.0249508
     ],
     [
      6.2399152,
      43.0250884
     ]
    ]
   }
  },
  {
   "type": "Feature",
   "properties": {
    "osm_id": 74659620,
    "nom": null,
    "type": "path",
    "sac_scale": "hiking",
    "surface": null,
    "acces": null,
    "velo": null
   },
   "geometry": {
    "type": "LineString",
    "coordinates": [
     [
      6.2418829,
      43.0250179
     ],
     [
      6.2418915,
      43.0250349
     ],
     [
      6.2419161,
      43.025106
     ],
     [
      6.2419027,
      43.0251864
     ],
     [
      6.2418571,
      43.0252443
     ],
     [
      6.2417756,
      43.0252338
     ],
     [
      6.2414715,
      43.0251259
     ],
     [
      6.2414422,
      43.025002
     ]
    ]
   }
  },
  {
   "type": "Feature",
   "properties": {
    "osm_id": 74887524,
    "nom": "Trou du Pirate",
    "type": "path",
    "sac_scale": null,
    "surface": "dirt",
    "acces": null,
    "velo": null
   },
   "geometry": {
    "type": "LineString",
    "coordinates": [
     [
      6.1693486,
      43.0044654
     ],
     [
      6.169389,
      43.004433
     ]
    ]
   }
  },
  {
   "type": "Feature",
   "properties": {
    "osm_id": 78310517,
    "nom": null,
    "type": "path",
    "sac_scale": "mountain_hiking",
    "surface": null,
    "acces": "private",
    "velo": null
   },
   "geometry": {
    "type": "LineString",
    "coordinates": [
     [
      6.2232643,
      43.0066739
     ],
     [
      6.2234002,
      43.0072772
     ],
     [
      6.2236603,
      43.0073716
     ],
     [
      6.2236952,
      43.0075746
     ],
     [
      6.2237028,
      43.0076322
     ],
     [
      6.2237189,
      43.0077146
     ],
     [
      6.2237189,
      43.0078715
     ],
     [
      6.223751,
      43.0079657
     ],
     [
      6.2238691,
      43.0081147
     ],
     [
      6.2239173,
      43.0082716
     ],
     [
      6.2240032,
      43.0082873
     ],
     [
      6.2240246,
      43.0082638
     ],
     [
      6.2241963,
      43.0083109
     ],
     [
      6.2241587,
      43.0084011
     ],
     [
      6.2242392,
      43.0084482
     ],
     [
      6.2242178,
      43.0084913
     ],
     [
      6.2243948,
      43.0085305
     ],
     [
      6.2245235,
      43.0085305
     ],
     [
      6.2246147,
      43.0085423
     ],
     [
      6.2246952,
      43.0085423
     ],
     [
      6.2247542,
      43.0085619
     ],
     [
      6.2249312,
      43.0085345
     ],
     [
      6.2250224,
      43.0085855
     ],
     [
      6.2251136,
      43.0086051
     ],
     [
      6.2252745,
      43.0087267
     ],
     [
      6.2254113,
      43.0087444
     ],
     [
      6.225591,
      43.0088404
     ],
     [
      6.2257198,
      43.0088443
     ],
     [
      6.2257573,
      43.0088679
     ],
     [
      6.225811,
      43.0088679
     ],
     [
      6.2259317,
      43.0088307
     ],
     [
      6.2261597,
      43.0087816
     ],
     [
      6.2263957,
      43.0087423
     ],
     [
      6.2265164,
      43.0086717
     ],
     [
      6.2267471,
      43.0086404
     ],
     [
      6.226857,
      43.0086678
     ],
     [
      6.2269321,
      43.0087208
     ],
     [
      6.2270716,
      43.0087816
     ],
     [
      6.227246,
      43.0089012
     ],
     [
      6.227313,
      43.0090327
     ],
     [
      6.2273452,
      43.0091464
     ],
     [
      6.2273398,
      43.0092798
     ],
     [
      6.2274297,
      43.009419
     ],
     [
      6.2274793,
      43.0095708
     ],
     [
      6.2275,
      43.00962
     ]
    ]
   }
  },
  {
   "type": "Feature",
   "properties": {
    "osm_id": 79997588,
    "nom": null,
    "type": "path",
    "sac_scale": null,
    "surface": "dirt",
    "acces": null,
    "velo": null
   },
   "geometry": {
    "type": "LineString",
    "coordinates": [
     [
      6.16993,
      43.0012158
     ],
     [
      6.1701103,
      43.0011458
     ],
     [
      6.170215,
      43.0011163
     ],
     [
      6.1703598,
      43.0011183
     ],
     [
      6.1704376,
      43.0010908
     ],
     [
      6.1704993,
      43.0010438
     ],
     [
      6.1706119,
      43.0009869
     ],
     [
      6.1707621,
      43.0009594
     ],
     [
      6.170974,
      43.0009084
     ],
     [
      6.1711484,
      43.0008849
     ],
     [
      6.1713334,
      43.0008241
     ],
     [
      6.1715051,
      43.0008005
     ],
     [
      6.1717277,
      43.0007809
     ],
     [
      6.1717921,
      43.000724
     ],
     [
      6.1719342,
      43.0006259
     ],
     [
      6.1720576,
      43.0005945
     ],
     [
      6.1724117,
      43.0005553
     ],
     [
      6.1726772,
      43.0005435
     ],
     [
      6.1729481,
      43.0004572
     ],
     [
      6.1732002,
      43.0004258
     ],
     [
      6.1734631,
      43.0004043
     ],
     [
      6.1738037,
      43.0003945
     ],
     [
      6.1740076,
      43.0003572
     ],
     [
      6.1741015,
      43.0002591
     ],
     [
      6.174316,
      43.0000963
     ]
    ]
   }
  },
  {
   "type": "Feature",
   "properties": {
    "osm_id": 79997592,
    "nom": null,
    "type": "path",
    "sac_scale": null,
    "surface": "dirt",
    "acces": null,
    "velo": null
   },
   "geometry": {
    "type": "LineString",
    "coordinates": [
     [
      6.1732002,
      43.0004258
     ],
     [
      6.1733209,
      43.0005926
     ]
    ]
   }
  },
  {
   "type": "Feature",
   "properties": {
    "osm_id": 79997593,
    "nom": null,
    "type": "path",
    "sac_scale": null,
    "surface": "dirt",
    "acces": null,
    "velo": null
   },
   "geometry": {
    "type": "LineString",
    "coordinates": [
     [
      6.1726772,
      43.0005435
     ],
     [
      6.1727148,
      43.0006357
     ],
     [
      6.1727148,
      43.0007887
     ],
     [
      6.1726316,
      43.000979
     ],
     [
      6.1726853,
      43.0012556
     ]
    ]
   }
  },
  {
   "type": "Feature",
   "properties": {
    "osm_id": 80342412,
    "nom": null,
    "type": "path",
    "sac_scale": "hiking",
    "surface": "dirt",
    "acces": null,
    "velo": null
   },
   "geometry": {
    "type": "LineString",
    "coordinates": [
     [
      6.1665241,
      42.9998486
     ],
     [
      6.1665342,
      42.9999028
     ],
     [
      6.1665932,
      43.0000538
     ],
     [
      6.1665938,
      43.000135
     ],
     [
      6.1665241,
      43.0002095
     ],
     [
      6.1664758,
      43.0002527
     ],
     [
      6.1664739,
      43.0003216
     ]
    ]
   }
  },
  {
   "type": "Feature",
   "properties": {
    "osm_id": 80342413,
    "nom": null,
    "type": "steps",
    "sac_scale": null,
    "surface": "wood",
    "acces": null,
    "velo": null
   },
   "geometry": {
    "type": "LineString",
    "coordinates": [
     [
      6.1665241,
      42.9998486
     ],
     [
      6.1666314,
      42.9998211
     ]
    ]
   }
  },
  {
   "type": "Feature",
   "properties": {
    "osm_id": 84273705,
    "nom": null,
    "type": "track",
    "sac_scale": null,
    "surface": null,
    "acces": null,
    "velo": null
   },
   "geometry": {
    "type": "LineString",
    "coordinates": [
     [
      6.2175902,
      43.0115353
     ],
     [
      6.2174169,
      43.0115404
     ],
     [
      6.2172901,
      43.0115297
     ],
     [
      6.2171744,
      43.0115552
     ],
     [
      6.2170845,
      43.0115501
     ],
     [
      6.2169766,
      43.0116098
     ],
     [
      6.2168649,
      43.0117224
     ]
    ]
   }
  },
  {
   "type": "Feature",
   "properties": {
    "osm_id": 84273843,
    "nom": null,
    "type": "path",
    "sac_scale": "hiking",
    "surface": null,
    "acces": null,
    "velo": null
   },
   "geometry": {
    "type": "LineString",
    "coordinates": [
     [
      6.2182514,
      43.0094311
     ],
     [
      6.2183568,
      43.0095231
     ],
     [
      6.2184667,
      43.0100095
     ],
     [
      6.2186226,
      43.010116
     ]
    ]
   }
  },
  {
   "type": "Feature",
   "properties": {
    "osm_id": 84273844,
    "nom": "Chemin du Lequin",
    "type": "track",
    "sac_scale": null,
    "surface": null,
    "acces": null,
    "velo": "no"
   },
   "geometry": {
    "type": "LineString",
    "coordinates": [
     [
      6.2177324,
      43.0120014
     ],
     [
      6.2175357,
      43.0124913
     ],
     [
      6.2174361,
      43.0127947
     ],
     [
      6.2173717,
      43.0128869
     ],
     [
      6.2174002,
      43.0128864
     ]
    ]
   }
  },
  {
   "type": "Feature",
   "properties": {
    "osm_id": 84620610,
    "nom": null,
    "type": "path",
    "sac_scale": null,
    "surface": "sand",
    "acces": null,
    "velo": "no"
   },
   "geometry": {
    "type": "LineString",
    "coordinates": [
     [
      6.1902064,
      43.0032588
     ],
     [
      6.190086,
      43.0034904
     ],
     [
      6.1900419,
      43.0036768
     ],
     [
      6.1898952,
      43.003796
     ],
     [
      6.1896095,
      43.00381
     ],
     [
      6.1895353,
      43.0038331
     ],
     [
      6.1893872,
      43.0040308
     ],
     [
      6.189369,
      43.004043
     ]
    ]
   }
  },
  {
   "type": "Feature",
   "properties": {
    "osm_id": 85775664,
    "nom": "Montée de la Repentance",
    "type": "path",
    "sac_scale": "hiking",
    "surface": null,
    "acces": null,
    "velo": null
   },
   "geometry": {
    "type": "LineString",
    "coordinates": [
     [
      6.2165895,
      43.003674
     ],
     [
      6.2170064,
      43.0037586
     ],
     [
      6.2174731,
      43.0037115
     ],
     [
      6.217795,
      43.0037115
     ],
     [
      6.2182671,
      43.0037762
     ],
     [
      6.2188411,
      43.0040057
     ],
     [
      6.2190342,
      43.004041
     ],
     [
      6.2194338,
      43.0043235
     ],
     [
      6.2196457,
      43.0044392
     ],
     [
      6.2201098,
      43.0046628
     ],
     [
      6.220496,
      43.0047844
     ],
     [
      6.220753,
      43.0048711
     ]
    ]
   }
  },
  {
   "type": "Feature",
   "properties": {
    "osm_id": 85775665,
    "nom": null,
    "type": "track",
    "sac_scale": null,
    "surface": null,
    "acces": null,
    "velo": null
   },
   "geometry": {
    "type": "LineString",
    "coordinates": [
     [
      6.2174284,
      43.002503
     ],
     [
      6.2176283,
      43.0025476
     ]
    ]
   }
  },
  {
   "type": "Feature",
   "properties": {
    "osm_id": 87528199,
    "nom": null,
    "type": "path",
    "sac_scale": null,
    "surface": "dirt",
    "acces": null,
    "velo": null
   },
   "geometry": {
    "type": "LineString",
    "coordinates": [
     [
      6.1695109,
      43.004435
     ],
     [
      6.169389,
      43.004433
     ]
    ]
   }
  },
  {
   "type": "Feature",
   "properties": {
    "osm_id": 87927238,
    "nom": null,
    "type": "track",
    "sac_scale": null,
    "surface": null,
    "acces": null,
    "velo": null
   },
   "geometry": {
    "type": "LineString",
    "coordinates": [
     [
      6.2042633,
      42.9957746
     ],
     [
      6.2042901,
      42.9957089
     ],
     [
      6.204282,
      42.9956569
     ],
     [
      6.2042579,
      42.9956089
     ],
     [
      6.2042069,
      42.9953882
     ],
     [
      6.2041962,
      42.9952352
     ],
     [
      6.2041587,
      42.9950194
     ],
     [
      6.2040619,
      42.9945839
     ],
     [
      6.2039803,
      42.9939639
     ],
     [
      6.2040031,
      42.993804
     ],
     [
      6.2040621,
      42.993598
     ],
     [
      6.204038,
      42.9935598
     ],
     [
      6.2039334,
      42.9935058
     ],
     [
      6.2036309,
      42.9934542
     ]
    ]
   }
  },
  {
   "type": "Feature",
   "properties": {
    "osm_id": 88169592,
    "nom": null,
    "type": "track",
    "sac_scale": null,
    "surface": null,
    "acces": null,
    "velo": null
   },
   "geometry": {
    "type": "LineString",
    "coordinates": [
     [
      6.238899,
      43.0186969
     ],
     [
      6.2391614,
      43.0185095
     ],
     [
      6.2393277,
      43.0183644
     ],
     [
      6.239537,
      43.0182977
     ],
     [
      6.2397676,
      43.0182781
     ],
     [
      6.2398964,
      43.018286
     ],
     [
      6.2399125,
      43.0182546
     ],
     [
      6.2398105,
      43.018184
     ],
     [
      6.2396442,
      43.0181683
     ],
     [
      6.2394028,
      43.0181997
     ],
     [
      6.2391883,
      43.0182899
     ]
    ]
   }
  },
  {
   "type": "Feature",
   "properties": {
    "osm_id": 88170953,
    "nom": null,
    "type": "path",
    "sac_scale": "hiking",
    "surface": null,
    "acces": "private",
    "velo": "no"
   },
   "geometry": {
    "type": "LineString",
    "coordinates": [
     [
      6.21752,
      42.9917879
     ],
     [
      6.2177577,
      42.9917314
     ],
     [
      6.2179615,
      42.9917314
     ],
     [
      6.218206,
      42.9918364
     ],
     [
      6.21838,
      42.9918334
     ],
     [
      6.2185256,
      42.9917855
     ],
     [
      6.2187233,
      42.9918256
     ],
     [
      6.2188456,
      42.9918383
     ],
     [
      6.218952,
      42.9918699
     ]
    ]
   }
  },
  {
   "type": "Feature",
   "properties": {
    "osm_id": 88531911,
    "nom": null,
    "type": "path",
    "sac_scale": "hiking",
    "surface": "dirt",
    "acces": null,
    "velo": "no"
   },
   "geometry": {
    "type": "LineString",
    "coordinates": [
     [
      6.1697844,
      43.0023439
     ],
     [
      6.1696816,
      43.0023837
     ],
     [
      6.1695636,
      43.0023798
     ],
     [
      6.1695305,
      43.0023875
     ],
     [
      6.1695106,
      43.0023921
     ],
     [
      6.1693275,
      43.0024347
     ],
     [
      6.168952,
      43.0024308
     ]
    ]
   }
  },
  {
   "type": "Feature",
   "properties": {
    "osm_id": 88654355,
    "nom": null,
    "type": "steps",
    "sac_scale": null,
    "surface": "concrete",
    "acces": null,
    "velo": null
   },
   "geometry": {
    "type": "LineString",
    "coordinates": [
     [
      6.2036793,
      43.0003758
     ],
     [
      6.2037288,
      43.0003633
     ]
    ]
   }
  },
  {
   "type": "Feature",
   "properties": {
    "osm_id": 92374371,
    "nom": null,
    "type": "path",
    "sac_scale": "demanding_mountain_hiking",
    "surface": null,
    "acces": null,
    "velo": null
   },
   "geometry": {
    "type": "LineString",
    "coordinates": [
     [
      6.2421686,
      43.003101
     ],
     [
      6.2422241,
      43.0029893
     ],
     [
      6.2421748,
      43.0027182
     ],
     [
      6.2424552,
      43.0019638
     ],
     [
      6.2423962,
      43.0017244
     ],
     [
      6.2423372,
      43.0014459
     ],
     [
      6.2419939,
      43.0010143
     ],
     [
      6.2417322,
      43.0009038
     ],
     [
      6.2415165,
      43.000826
     ],
     [
      6.2413621,
      43.0007782
     ],
     [
      6.2411678,
      43.0007515
     ],
     [
      6.2411207,
      43.0006684
     ],
     [
      6.2410939,
      43.0005585
     ],
     [
      6.24111,
      43.000433
     ],
     [
      6.2410885,
      43.0003388
     ],
     [
      6.2410456,
      43.0002603
     ],
     [
      6.2410564,
      43.0001662
     ],
     [
      6.2410617,
      43.0000995
     ],
     [
      6.2409705,
      43.0000485
     ],
     [
      6.2409062,
      42.9999661
     ],
     [
      6.2408901,
      42.9998523
     ],
     [
      6.2408715,
      42.9997759
     ],
     [
      6.2408179,
      42.9997092
     ],
     [
      6.2407213,
      42.9996465
     ],
     [
      6.2406677,
      42.9995915
     ],
     [
      6.2405906,
      42.9994496
     ]
    ]
   }
  },
  {
   "type": "Feature",
   "properties": {
    "osm_id": 92381120,
    "nom": "Sentier de l'Observatoire",
    "type": "path",
    "sac_scale": "mountain_hiking",
    "surface": null,
    "acces": null,
    "velo": null
   },
   "geometry": {
    "type": "LineString",
    "coordinates": [
     [
      6.2452352,
      43.0179674
     ],
     [
      6.2450689,
      43.0179831
     ],
     [
      6.2449224,
      43.0179963
     ],
     [
      6.2448175,
      43.0180895
     ],
     [
      6.2446921,
      43.0181604
     ],
     [
      6.2446144,
      43.0183153
     ],
     [
      6.2444993,
      43.018424
     ],
     [
      6.2444708,
      43.0185668
     ],
     [
      6.2443779,
      43.018614
     ],
     [
      6.2441258,
      43.0185258
     ],
     [
      6.2439165,
      43.0184747
     ],
     [
      6.2436537,
      43.0183748
     ],
     [
      6.2434928,
      43.0183101
     ],
     [
      6.2431494,
      43.0181708
     ],
     [
      6.2429188,
      43.0181394
     ],
     [
      6.2427686,
      43.0181336
     ],
     [
      6.242613,
      43.018163
     ],
     [
      6.242444,
      43.0181944
     ],
     [
      6.2421947,
      43.0182486
     ],
     [
      6.24198,
      43.0181747
     ],
     [
      6.2418942,
      43.0181148
     ],
     [
      6.2417591,
      43.018089
     ],
     [
      6.2413992,
      43.0181298
     ],
     [
      6.2410903,
      43.0181394
     ],
     [
      6.2409952,
      43.0181659
     ],
     [
      6.2407247,
      43.018261
     ],
     [
      6.240503,
      43.0183949
     ]
    ]
   }
  },
  {
   "type": "Feature",
   "properties": {
    "osm_id": 92381130,
    "nom": null,
    "type": "path",
    "sac_scale": "mountain_hiking",
    "surface": null,
    "acces": null,
    "velo": null
   },
   "geometry": {
    "type": "LineString",
    "coordinates": [
     [
      6.2373541,
      43.0184105
     ],
     [
      6.2373281,
      43.0185322
     ],
     [
      6.2374086,
      43.018693
     ],
     [
      6.2375588,
      43.0188185
     ],
     [
      6.237548,
      43.0189087
     ],
     [
      6.2374568,
      43.0189793
     ],
     [
      6.2374568,
      43.0190264
     ],
     [
      6.2375686,
      43.0191081
     ]
    ]
   }
  },
  {
   "type": "Feature",
   "properties": {
    "osm_id": 92381140,
    "nom": null,
    "type": "path",
    "sac_scale": "mountain_hiking",
    "surface": null,
    "acces": null,
    "velo": null
   },
   "geometry": {
    "type": "LineString",
    "coordinates": [
     [
      6.2494839,
      43.0020886
     ],
     [
      6.2494704,
      43.0019846
     ],
     [
      6.2495644,
      43.0019768
     ],
     [
      6.2496448,
      43.0019689
     ],
     [
      6.2496931,
      43.0019473
     ],
     [
      6.249677,
      43.0018767
     ],
     [
      6.2496823,
      43.0018257
     ],
     [
      6.2496823,
      43.0017237
     ],
     [
      6.2496502,
      43.0016374
     ],
     [
      6.2495965,
      43.0015864
     ],
     [
      6.2495697,
      43.0015432
     ],
     [
      6.2495483,
      43.0015178
     ],
     [
      6.2496817,
      43.0014551
     ],
     [
      6.249736,
      43.0014334
     ],
     [
      6.2498647,
      43.0013981
     ],
     [
      6.2499613,
      43.0014177
     ],
     [
      6.2501195,
      43.001555
     ],
     [
      6.2502509,
      43.0015432
     ],
     [
      6.2502886,
      43.001438
     ],
     [
      6.2501812,
      43.0012765
     ],
     [
      6.2501651,
      43.0012412
     ],
     [
      6.2501866,
      43.001198
     ],
     [
      6.2502778,
      43.0011627
     ],
     [
      6.2502671,
      43.0011313
     ],
     [
      6.2501973,
      43.0010646
     ],
     [
      6.2501276,
      43.0009901
     ],
     [
      6.2500686,
      43.0009155
     ],
     [
      6.2500632,
      43.0008331
     ],
     [
      6.2500418,
      43.0007429
     ],
     [
      6.2500203,
      43.0006997
     ],
     [
      6.2500257,
      43.0006252
     ],
     [
      6.2500243,
      43.0005281
     ],
     [
      6.2500914,
      43.00043
     ],
     [
      6.2502255,
      43.000328
     ],
     [
      6.2502993,
      43.0002839
     ],
     [
      6.2502993,
      43.0002486
     ],
     [
      6.2504569,
      43.0000957
     ],
     [
      6.2503046,
      43.000123
     ],
     [
      6.2502295,
      43.000174
     ],
     [
      6.250149,
      43.0001623
     ],
     [
      6.2500747,
      43.0001439
     ],
     [
      6.2500022,
      43.0001421
     ],
     [
      6.249854,
      42.9999975
     ],
     [
      6.2497092,
      42.9999347
     ],
     [
      6.2496341,
      42.9998602
     ],
     [
      6.2495745,
      42.9997507
     ],
     [
      6.2494139,
      42.9997099
     ],
     [
      6.2492724,
      42.9996091
     ]
    ]
   }
  },
  {
   "type": "Feature",
   "properties": {
    "osm_id": 92381158,
    "nom": null,
    "type": "path",
    "sac_scale": "mountain_hiking",
    "surface": null,
    "acces": null,
    "velo": null
   },
   "geometry": {
    "type": "LineString",
    "coordinates": [
     [
      6.240503,
      43.0183949
     ],
     [
      6.2406124,
      43.0184773
     ],
     [
      6.24074,
      43.0184771
     ],
     [
      6.2408446,
      43.018478
     ],
     [
      6.2409291,
      43.0184976
     ],
     [
      6.2410327,
      43.0185424
     ]
    ]
   }
  },
  {
   "type": "Feature",
   "properties": {
    "osm_id": 93015023,
    "nom": "Chemin du Cap des Mèdes",
    "type": "path",
    "sac_scale": "hiking",
    "surface": null,
    "acces": null,
    "velo": null
   },
   "geometry": {
    "type": "LineString",
    "coordinates": [
     [
      6.2388432,
      43.0186644
     ],
     [
      6.238899,
      43.0186969
     ],
     [
      6.2389256,
      43.0187557
     ],
     [
      6.2389056,
      43.0188392
     ],
     [
      6.2387193,
      43.0191803
     ],
     [
      6.2386146,
      43.0197259
     ],
     [
      6.2385995,
      43.0199128
     ],
     [
      6.2386079,
      43.0200704
     ],
     [
      6.2386531,
      43.020203
     ],
     [
      6.2387176,
      43.0202667
     ],
     [
      6.238946,
      43.0203812
     ],
     [
      6.2392544,
      43.0205204
     ],
     [
      6.2393561,
      43.0206264
     ],
     [
      6.2394605,
      43.0208894
     ],
     [
      6.2395033,
      43.0211816
     ],
     [
      6.2395159,
      43.0215124
     ],
     [
      6.2396854,
      43.0217904
     ],
     [
      6.239705,
      43.0219335
     ],
     [
      6.2396761,
      43.0220704
     ],
     [
      6.239619,
      43.0222092
     ],
     [
      6.2395733,
      43.0223352
     ],
     [
      6.239599,
      43.0224495
     ],
     [
      6.2396999,
      43.0225828
     ],
     [
      6.2397563,
      43.0227987
     ],
     [
      6.2397708,
      43.0231385
     ],
     [
      6.2398096,
      43.0232201
     ],
     [
      6.2399458,
      43.0234539
     ],
     [
      6.2400023,
      43.0235974
     ],
     [
      6.2399894,
      43.023719
     ],
     [
      6.2399137,
      43.0238504
     ],
     [
      6.2398554,
      43.0239277
     ],
     [
      6.2398315,
      43.0239892
     ],
     [
      6.2398374,
      43.0240727
     ],
     [
      6.239887,
      43.0241678
     ],
     [
      6.2399849,
      43.0242678
     ],
     [
      6.2401791,
      43.0243767
     ],
     [
      6.2404503,
      43.0244884
     ],
     [
      6.2405509,
      43.0245565
     ],
     [
      6.2406281,
      43.0246071
     ],
     [
      6.240709,
      43.0246442
     ]
    ]
   }
  },
  {
   "type": "Feature",
   "properties": {
    "osm_id": 95513682,
    "nom": null,
    "type": "path",
    "sac_scale": "hiking",
    "surface": null,
    "acces": null,
    "velo": null
   },
   "geometry": {
    "type": "LineString",
    "coordinates": [
     [
      6.2494839,
      43.0020886
     ],
     [
      6.249398,
      43.00232
     ],
     [
      6.2493551,
      43.0025633
     ],
     [
      6.2492317,
      43.0027202
     ],
     [
      6.2491835,
      43.0028183
     ],
     [
      6.2492586,
      43.0029438
     ],
     [
      6.2493363,
      43.0030438
     ],
     [
      6.2494356,
      43.003238
     ],
     [
      6.2494115,
      43.0033557
     ],
     [
      6.2493484,
      43.0034411
     ],
     [
      6.2491556,
      43.0034966
     ],
     [
      6.2491849,
      43.003635
     ],
     [
      6.249162,
      43.0037245
     ],
     [
      6.2490491,
      43.0038661
     ]
    ]
   }
  },
  {
   "type": "Feature",
   "properties": {
    "osm_id": 95532762,
    "nom": "Sentier des Crêtes du Sarranier",
    "type": "path",
    "sac_scale": "mountain_hiking",
    "surface": null,
    "acces": null,
    "velo": null
   },
   "geometry": {
    "type": "LineString",
    "coordinates": [
     [
      6.2405906,
      42.9994496
     ],
     [
      6.240663,
      42.9994378
     ],
     [
      6.2407468,
      42.9994131
     ],
     [
      6.2408266,
      42.9994261
     ],
     [
      6.2410439,
      42.9994045
     ],
     [
      6.241229,
      42.9993221
     ],
     [
      6.2416313,
      42.9993339
     ],
     [
      6.2418566,
      42.9993849
     ],
     [
      6.2425057,
      42.9994457
     ],
     [
      6.2425889,
      42.9994653
     ],
     [
      6.2426345,
      42.999532
     ],
     [
      6.2427498,
      42.9995712
     ],
     [
      6.2430314,
      42.9995909
     ],
     [
      6.2432259,
      42.9995684
     ],
     [
      6.2434552,
      42.9996203
     ],
     [
      6.2435357,
      42.999583
     ],
     [
      6.2436081,
      42.9996065
     ],
     [
      6.2436161,
      42.9996575
     ],
     [
      6.2436644,
      42.9996831
     ],
     [
      6.2438844,
      42.9996987
     ],
     [
      6.2439353,
      42.9996693
     ],
     [
      6.2441472,
      42.9997282
     ],
     [
      6.2442225,
      42.9997722
     ],
     [
      6.2443328,
      42.9997471
     ],
     [
      6.2444208,
      42.9998144
     ],
     [
      6.2444986,
      42.9998322
     ],
     [
      6.2447588,
      43.0000401
     ],
     [
      6.2448158,
      43.0001148
     ],
     [
      6.2449706,
      43.0001342
     ],
     [
      6.2454638,
      43.0001685
     ],
     [
      6.2457941,
      43.0002715
     ],
     [
      6.2460703,
      43.0003264
     ],
     [
      6.2461132,
      43.0003696
     ],
     [
      6.2461996,
      43.0003631
     ],
     [
      6.246433,
      43.0002964
     ],
     [
      6.2464727,
      43.0001892
     ],
     [
      6.2468648,
      42.9999943
     ],
     [
      6.2469379,
      42.9999945
     ],
     [
      6.2470551,
      43.000191
     ],
     [
      6.2471508,
      43.0002432
     ],
     [
      6.247421,
      43.0002102
     ],
     [
      6.247512,
      43.0003387
     ],
     [
      6.2475907,
      43.0004021
     ],
     [
      6.2479381,
      43.000655
     ],
     [
      6.2479587,
      43.0007432
     ],
     [
      6.2480771,
      43.0007946
     ],
     [
      6.2481308,
      43.0010281
     ],
     [
      6.2481999,
      43.0011089
     ],
     [
      6.248337,
      43.0011014
     ],
     [
      6.2485111,
      43.0012036
     ],
     [
      6.2486264,
      43.0011261
     ],
     [
      6.2487745,
      43.0011693
     ],
     [
      6.2488711,
      43.0011634
     ],
     [
      6.249221,
      43.0013942
     ],
     [
      6.2494436,
      43.001449
     ],
     [
      6.2495483,
      43.0015178
     ]
    ]
   }
  },
  {
   "type": "Feature",
   "properties": {
    "osm_id": 95612424,
    "nom": null,
    "type": "path",
    "sac_scale": "mountain_hiking",
    "surface": null,
    "acces": null,
    "velo": null
   },
   "geometry": {
    "type": "LineString",
    "coordinates": [
     [
      6.2405906,
      42.9994496
     ],
     [
      6.2404645,
      42.9993496
     ],
     [
      6.2403912,
      42.9993266
     ],
     [
      6.2403573,
      42.9992848
     ],
     [
      6.2403063,
      42.9992299
     ],
     [
      6.2402517,
      42.9992011
     ],
     [
      6.2401981,
      42.9991814
     ],
     [
      6.240089,
      42.9991377
     ],
     [
      6.2400059,
      42.9990985
     ],
     [
      6.2398816,
      42.9989853
     ],
     [
      6.2397796,
      42.9988911
     ],
     [
      6.2396938,
      42.9988401
     ],
     [
      6.2396777,
      42.9987813
     ],
     [
      6.2395901,
      42.9987042
     ],
     [
      6.2394202,
      42.9986675
     ],
     [
      6.23927,
      42.9986086
     ],
     [
      6.239161,
      42.9985551
     ],
     [
      6.23911,
      42.9984786
     ],
     [
      6.2390403,
      42.9984609
     ],
     [
      6.2389786,
      42.9984217
     ],
     [
      6.238916,
      42.9984203
     ],
     [
      6.2388087,
      42.9985027
     ],
     [
      6.2387282,
      42.9985223
     ],
     [
      6.238519,
      42.9985576
     ],
     [
      6.2384153,
      42.9985806
     ],
     [
      6.238359,
      42.9986022
     ],
     [
      6.2383107,
      42.9986414
     ],
     [
      6.2382125,
      42.9987632
     ]
    ]
   }
  },
  {
   "type": "Feature",
   "properties": {
    "osm_id": 95614868,
    "nom": null,
    "type": "path",
    "sac_scale": "mountain_hiking",
    "surface": null,
    "acces": null,
    "velo": null
   },
   "geometry": {
    "type": "LineString",
    "coordinates": [
     [
      6.2449499,
      43.0062154
     ],
     [
      6.2453173,
      43.0064482
     ],
     [
      6.2455271,
      43.0064854
     ],
     [
      6.2456263,
      43.0065644
     ],
     [
      6.245557,
      43.0066848
     ],
     [
      6.245584,
      43.0071275
     ],
     [
      6.2457721,
      43.0073778
     ],
     [
      6.2456709,
      43.0075504
     ],
     [
      6.2457578,
      43.0076095
     ],
     [
      6.2459313,
      43.0077635
     ],
     [
      6.2459406,
      43.0078878
     ],
     [
      6.2458657,
      43.0079842
     ],
     [
      6.2458242,
      43.0081522
     ],
     [
      6.2457048,
      43.0082941
     ],
     [
      6.2456829,
      43.0084948
     ],
     [
      6.245557,
      43.0085977
     ],
     [
      6.2454448,
      43.0089105
     ],
     [
      6.245561,
      43.009313
     ],
     [
      6.2455672,
      43.009528
     ],
     [
      6.2454312,
      43.0097678
     ],
     [
      6.2452745,
      43.0098958
     ],
     [
      6.2452574,
      43.0099606
     ],
     [
      6.2453533,
      43.010022
     ],
     [
      6.2453773,
      43.0102762
     ],
     [
      6.2452818,
      43.0103378
     ],
     [
      6.2452349,
      43.0105463
     ],
     [
      6.2453383,
      43.0107384
     ]
    ]
   }
  },
  {
   "type": "Feature",
   "properties": {
    "osm_id": 96533032,
    "nom": null,
    "type": "path",
    "sac_scale": "mountain_hiking",
    "surface": null,
    "acces": null,
    "velo": null
   },
   "geometry": {
    "type": "LineString",
    "coordinates": [
     [
      6.2235827,
      42.9934172
     ],
     [
      6.2234558,
      42.9935588
     ],
     [
      6.2232657,
      42.9936483
     ],
     [
      6.2229405,
      42.993717
     ],
     [
      6.222649,
      42.9937096
     ],
     [
      6.222173,
      42.9937998
     ],
     [
      6.2219685,
      42.993755
     ],
     [
      6.2217221,
      42.9937598
     ],
     [
      6.2217193,
      42.9935838
     ],
     [
      6.2217365,
      42.9934107
     ],
     [
      6.2217057,
      42.9933135
     ],
     [
      6.2215957,
      42.9932194
     ],
     [
      6.221365,
      42.9929987
     ],
     [
      6.2211492,
      42.9928114
     ],
     [
      6.2210739,
      42.9926723
     ],
     [
      6.2210717,
      42.992563
     ]
    ]
   }
  },
  {
   "type": "Feature",
   "properties": {
    "osm_id": 96533033,
    "nom": "Chemin des Falaises",
    "type": "path",
    "sac_scale": "mountain_hiking",
    "surface": null,
    "acces": null,
    "velo": null
   },
   "geometry": {
    "type": "LineString",
    "coordinates": [
     [
      6.2210717,
      42.992563
     ],
     [
      6.2210391,
      42.9925131
     ],
     [
      6.2209694,
      42.992468
     ],
     [
      6.2208903,
      42.9924072
     ],
     [
      6.2208219,
      42.9923414
     ],
     [
      6.2207628,
      42.992323
     ],
     [
      6.2206608,
      42.992327
     ],
     [
      6.22047,
      42.9923656
     ],
     [
      6.220093,
      42.9924971
     ],
     [
      6.2199336,
      42.9926403
     ],
     [
      6.2198059,
      42.9927106
     ],
     [
      6.2196264,
      42.9927355
     ],
     [
      6.2190539,
      42.9929219
     ],
     [
      6.2187732,
      42.9930004
     ]
    ]
   }
  },
  {
   "type": "Feature",
   "properties": {
    "osm_id": 96537332,
    "nom": null,
    "type": "path",
    "sac_scale": "mountain_hiking",
    "surface": null,
    "acces": null,
    "velo": null
   },
   "geometry": {
    "type": "LineString",
    "coordinates": [
     [
      6.2375306,
      43.015973
     ],
     [
      6.2378172,
      43.0159195
     ],
     [
      6.2382169,
      43.0158391
     ],
     [
      6.2386353,
      43.0157959
     ],
     [
      6.2389652,
      43.0158018
     ],
     [
      6.2392173,
      43.0157763
     ],
     [
      6.2394453,
      43.0157685
     ],
     [
      6.2396572,
      43.0158312
     ],
     [
      6.2398315,
      43.0159136
     ]
    ]
   }
  },
  {
   "type": "Feature",
   "properties": {
    "osm_id": 97339364,
    "nom": "Chemin du Cap des Mèdes",
    "type": "track",
    "sac_scale": null,
    "surface": null,
    "acces": null,
    "velo": null
   },
   "geometry": {
    "type": "LineString",
    "coordinates": [
     [
      6.236733,
      43.0148022
     ],
     [
      6.2371824,
      43.015363
     ],
     [
      6.237338,
      43.0156454
     ],
     [
      6.2375306,
      43.015973
     ],
     [
      6.2375749,
      43.0160357
     ]
    ]
   }
  },
  {
   "type": "Feature",
   "properties": {
    "osm_id": 97339365,
    "nom": "Chemin Abandonné",
    "type": "path",
    "sac_scale": null,
    "surface": null,
    "acces": null,
    "velo": null
   },
   "geometry": {
    "type": "LineString",
    "coordinates": [
     [
      6.2395415,
      43.0145918
     ],
     [
      6.2381251,
      43.0140138
     ]
    ]
   }
  },
  {
   "type": "Feature",
   "properties": {
    "osm_id": 112505880,
    "nom": null,
    "type": "track",
    "sac_scale": null,
    "surface": null,
    "acces": null,
    "velo": null
   },
   "geometry": {
    "type": "LineString",
    "coordinates": [
     [
      6.2270696,
      43.0004226
     ],
     [
      6.2271114,
      43.0004444
     ],
     [
      6.2271073,
      43.0004748
     ],
     [
      6.2266298,
      43.0006017
     ],
     [
      6.2262864,
      43.0008135
     ],
     [
      6.2260719,
      43.0010882
     ],
     [
      6.2258251,
      43.0012843
     ],
     [
      6.2255891,
      43.0015511
     ],
     [
      6.2253423,
      43.0017943
     ],
     [
      6.2252136,
      43.0020847
     ],
     [
      6.2250993,
      43.0023828
     ]
    ]
   }
  },
  {
   "type": "Feature",
   "properties": {
    "osm_id": 113511788,
    "nom": "Sentier Littoral",
    "type": "path",
    "sac_scale": null,
    "surface": null,
    "acces": null,
    "velo": null
   },
   "geometry": {
    "type": "LineString",
    "coordinates": [
     [
      6.1769715,
      43.0067439
     ],
     [
      6.1769177,
      43.0066974
     ],
     [
      6.1768054,
      43.0066004
     ],
     [
      6.1765659,
      43.0065856
     ],
     [
      6.176236,
      43.0067092
     ],
     [
      6.1759689,
      43.0068203
     ],
     [
      6.1757484,
      43.0068908
     ],
     [
      6.1754751,
      43.0071665
     ],
     [
      6.175248,
      43.007298
     ],
     [
      6.1750819,
      43.0073849
     ],
     [
      6.1750525,
      43.0073883
     ]
    ]
   }
  },
  {
   "type": "Feature",
   "properties": {
    "osm_id": 132641392,
    "nom": null,
    "type": "track",
    "sac_scale": null,
    "surface": null,
    "acces": "private",
    "velo": null
   },
   "geometry": {
    "type": "LineString",
    "coordinates": [
     [
      6.2407414,
      43.0100516
     ],
     [
      6.2407507,
      43.0092447
     ]
    ]
   }
  },
  {
   "type": "Feature",
   "properties": {
    "osm_id": 195302132,
    "nom": "Montée de Sainte-Agathe",
    "type": "path",
    "sac_scale": "hiking",
    "surface": null,
    "acces": null,
    "velo": "no"
   },
   "geometry": {
    "type": "LineString",
    "coordinates": [
     [
      6.2066013,
      42.9995834
     ],
     [
      6.2065841,
      42.9996286
     ],
     [
      6.2065485,
      42.9999667
     ],
     [
      6.2066333,
      43.0000145
     ],
     [
      6.206628,
      43.0000538
     ],
     [
      6.2065207,
      43.0000538
     ],
     [
      6.2063463,
      43.000095
     ],
     [
      6.2062364,
      43.0000989
     ],
     [
      6.2060942,
      43.0000852
     ],
     [
      6.2059252,
      43.0001224
     ],
     [
      6.2058394,
      43.0001244
     ],
     [
      6.2057804,
      43.0001362
     ],
     [
      6.2057026,
      43.0001126
     ],
     [
      6.2056731,
      43.0000754
     ],
     [
      6.2056597,
      42.9999851
     ],
     [
      6.2056141,
      42.9999106
     ],
     [
      6.2055283,
      42.9997733
     ],
     [
      6.2055309,
      42.9997105
     ],
     [
      6.2055712,
      42.9996418
     ],
     [
      6.2055792,
      42.9995791
     ],
     [
      6.2055283,
      42.9995457
     ],
     [
      6.205478,
      42.9995577
     ],
     [
      6.2054136,
      42.9995931
     ],
     [
      6.2053405,
      42.9996281
     ],
     [
      6.2052949,
      42.9996693
     ],
     [
      6.2052386,
      42.9996909
     ],
     [
      6.2051669,
      42.9996725
     ],
     [
      6.2051635,
      42.9996242
     ],
     [
      6.2051554,
      42.9995575
     ]
    ]
   }
  },
  {
   "type": "Feature",
   "properties": {
    "osm_id": 279314582,
    "nom": null,
    "type": "footway",
    "sac_scale": null,
    "surface": null,
    "acces": null,
    "velo": null
   },
   "geometry": {
    "type": "LineString",
    "coordinates": [
     [
      6.2019732,
      42.9872157
     ],
     [
      6.202273,
      42.9871811
     ],
     [
      6.2024246,
      42.9871606
     ],
     [
      6.2025158,
      42.9870981
     ],
     [
      6.2025604,
      42.9870392
     ]
    ]
   }
  },
  {
   "type": "Feature",
   "properties": {
    "osm_id": 351821882,
    "nom": "Chemin de Grand-Câle est",
    "type": "track",
    "sac_scale": null,
    "surface": null,
    "acces": null,
    "velo": "no"
   },
   "geometry": {
    "type": "LineString",
    "coordinates": [
     [
      6.2160936,
      42.9920407
     ],
     [
      6.216026,
      42.9921116
     ],
     [
      6.2158758,
      42.9921724
     ],
     [
      6.2156988,
      42.9922332
     ],
     [
      6.2155218,
      42.992298
     ],
     [
      6.2153716,
      42.992396
     ],
     [
      6.2152348,
      42.992449
     ],
     [
      6.2150899,
      42.9924686
     ],
     [
      6.2150014,
      42.9924471
     ],
     [
      6.2149049,
      42.9923902
     ],
     [
      6.2148512,
      42.9923254
     ],
     [
      6.2147842,
      42.9922097
     ],
     [
      6.2146823,
      42.9920939
     ],
     [
      6.2145669,
      42.992037
     ],
     [
      6.2144543,
      42.9920154
     ],
     [
      6.214355,
      42.9920096
     ],
     [
      6.2142558,
      42.9920272
     ],
     [
      6.2141941,
      42.9920861
     ],
     [
      6.214178,
      42.9921449
     ],
     [
      6.2141163,
      42.9922489
     ],
     [
      6.2140332,
      42.9923215
     ],
     [
      6.2139607,
      42.9923548
     ],
     [
      6.2138722,
      42.9923627
     ],
     [
      6.2138079,
      42.992349
     ],
     [
      6.2137569,
      42.9923176
     ],
     [
      6.2137435,
      42.9922548
     ],
     [
      6.2137649,
      42.992143
     ],
     [
      6.2137837,
      42.9920684
     ],
     [
      6.2137167,
      42.9919762
     ],
     [
      6.2134431,
      42.9918369
     ],
     [
      6.2133224,
      42.991833
     ],
     [
      6.2129281,
      42.9915838
     ],
     [
      6.212625,
      42.9914955
     ],
     [
      6.2122805,
      42.9914907
     ],
     [
      6.2118192,
      42.9914358
     ],
     [
      6.2115146,
      42.9914367
     ],
     [
      6.2112463,
      42.9914445
     ],
     [
      6.2109111,
      42.9915348
     ],
     [
      6.2106229,
      42.9916398
     ],
     [
      6.2104873,
      42.9917486
     ],
     [
      6.2102995,
      42.9919644
     ],
     [
      6.2100876,
      42.9921292
     ],
     [
      6.2099256,
      42.9921813
     ],
     [
      6.2097738,
      42.9922371
     ],
     [
      6.2095914,
      42.9922234
     ],
     [
      6.2093822,
      42.9922038
     ],
     [
      6.2092804,
      42.9921825
     ],
     [
      6.2091837,
      42.9921959
     ],
     [
      6.2090282,
      42.9922803
     ],
     [
      6.2088887,
      42.9923156
     ],
     [
      6.2087358,
      42.9923823
     ],
     [
      6.2086151,
      42.9924196
     ],
     [
      6.2084461,
      42.9924372
     ],
     [
      6.2083174,
      42.9924549
     ],
     [
      6.208135,
      42.9924627
     ],
     [
      6.2079204,
      42.992498
     ],
     [
      6.207679,
      42.9925373
     ],
     [
      6.2073867,
      42.9925333
     ],
     [
      6.207097,
      42.9924706
     ],
     [
      6.2067671,
      42.9924333
     ],
     [
      6.2063299,
      42.9924431
     ],
     [
      6.2061019,
      42.9924843
     ],
     [
      6.2059812,
      42.9924823
     ],
     [
      6.2058846,
      42.9924666
     ],
     [
      6.2057639,
      42.9924314
     ],
     [
      6.2054502,
      42.9923621
     ],
     [
      6.2051415,
      42.9923108
     ],
     [
      6.2049028,
      42.9923069
     ],
     [
      6.204707,
      42.9922951
     ],
     [
      6.2045139,
      42.9922971
     ],
     [
      6.2041786,
      42.9923069
     ],
     [
      6.2037593,
      42.9923045
     ],
     [
      6.2031745,
      42.9923241
     ]
    ]
   }
  },
  {
   "type": "Feature",
   "properties": {
    "osm_id": 351821883,
    "nom": "Chemin des Falaises",
    "type": "path",
    "sac_scale": "hiking",
    "surface": null,
    "acces": null,
    "velo": null
   },
   "geometry": {
    "type": "LineString",
    "coordinates": [
     [
      6.1987215,
      42.9864933
     ],
     [
      6.1985094,
      42.9867826
     ],
     [
      6.198435,
      42.9870486
     ],
     [
      6.1982412,
      42.987175
     ],
     [
      6.1981286,
      42.9873438
     ],
     [
      6.1979327,
      42.987484
     ],
     [
      6.198095,
      42.9874615
     ],
     [
      6.1983223,
      42.9874684
     ],
     [
      6.1983839,
      42.9875179
     ],
     [
      6.1983753,
      42.9875635
     ],
     [
      6.1983733,
      42.9877
     ],
     [
      6.1983109,
      42.9879912
     ],
     [
      6.198429,
      42.9881795
     ],
     [
      6.1985685,
      42.9881904
     ],
     [
      6.1987636,
      42.988216
     ],
     [
      6.1988761,
      42.988289
     ],
     [
      6.1991022,
      42.9883778
     ],
     [
      6.1991604,
      42.9884097
     ],
     [
      6.1991488,
      42.9884604
     ],
     [
      6.1990385,
      42.9885221
     ],
     [
      6.1987676,
      42.9886104
     ],
     [
      6.1985449,
      42.9886418
     ],
     [
      6.1984509,
      42.9885961
     ],
     [
      6.1982499,
      42.9885907
     ],
     [
      6.1977745,
      42.9886975
     ],
     [
      6.1973272,
      42.9888635
     ],
     [
      6.19712,
      42.9888624
     ],
     [
      6.197002,
      42.9888937
     ],
     [
      6.1969624,
      42.9889459
     ],
     [
      6.196784,
      42.9889484
     ],
     [
      6.1966726,
      42.9890846
     ],
     [
      6.1965836,
      42.9891292
     ],
     [
      6.1964206,
      42.9891636
     ],
     [
      6.1963261,
      42.9891979
     ],
     [
      6.1961214,
      42.9892121
     ],
     [
      6.195848,
      42.9892048
     ],
     [
      6.1957365,
      42.9892249
     ],
     [
      6.1955945,
      42.9892912
     ],
     [
      6.1954912,
      42.9894315
     ],
     [
      6.1954228,
      42.9896541
     ],
     [
      6.1953678,
      42.9897724
     ],
     [
      6.1953391,
      42.9898983
     ],
     [
      6.1952927,
      42.9900314
     ],
     [
      6.1953692,
      42.9900495
     ],
     [
      6.1955555,
      42.9899989
     ],
     [
      6.1954616,
      42.9901333
     ],
     [
      6.195172,
      42.990332
     ],
     [
      6.1951666,
      42.9904404
     ],
     [
      6.195194,
      42.9905095
     ],
     [
      6.1952457,
      42.9905816
     ],
     [
      6.1953872,
      42.9906807
     ],
     [
      6.1954013,
      42.9906994
     ],
     [
      6.1953845,
      42.9907091
     ],
     [
      6.195357,
      42.990714
     ],
     [
      6.1951909,
      42.990694
     ],
     [
      6.1950064,
      42.9906709
     ],
     [
      6.1949439,
      42.9906522
     ],
     [
      6.1949198,
      42.9906635
     ],
     [
      6.1949325,
      42.9907126
     ],
     [
      6.1950063,
      42.9907322
     ],
     [
      6.1951967,
      42.9908013
     ],
     [
      6.1954202,
      42.9909412
     ],
     [
      6.1958949,
      42.9912315
     ],
     [
      6.1960559,
      42.9913238
     ],
     [
      6.1962349,
      42.9914639
     ],
     [
      6.1962073,
      42.9915126
     ],
     [
      6.1960747,
      42.9915847
     ],
     [
      6.1954845,
      42.991671
     ],
     [
      6.1953095,
      42.991766
     ],
     [
      6.1952162,
      42.9918725
     ],
     [
      6.1951272,
      42.9920152
     ],
     [
      6.1950494,
      42.9920721
     ],
     [
      6.1947777,
      42.9919933
     ],
     [
      6.1944773,
      42.991954
     ],
     [
      6.1942366,
      42.9918886
     ],
     [
      6.1942077,
      42.9920414
     ],
     [
      6.1939046,
      42.9918569
     ],
     [
      6.19344,
      42.9917072
     ],
     [
      6.1930254,
      42.9916043
     ]
    ]
   }
  },
  {
   "type": "Feature",
   "properties": {
    "osm_id": 351821894,
    "nom": "Piste du Bois des Chênes",
    "type": "track",
    "sac_scale": null,
    "surface": null,
    "acces": null,
    "velo": null
   },
   "geometry": {
    "type": "LineString",
    "coordinates": [
     [
      6.197207,
      42.9959425
     ],
     [
      6.1971279,
      42.9958727
     ],
     [
      6.1970133,
      42.9958289
     ],
     [
      6.1969607,
      42.9958151
     ],
     [
      6.1965263,
      42.9957013
     ],
     [
      6.1961228,
      42.9955699
     ],
     [
      6.1958826,
      42.9954816
     ],
     [
      6.1956615,
      42.9953345
     ],
     [
      6.1955051,
      42.9951527
     ],
     [
      6.1954978,
      42.9949919
     ],
     [
      6.1953181,
      42.9947774
     ],
     [
      6.1952531,
      42.9944464
     ],
     [
      6.1950741,
      42.9943203
     ],
     [
      6.1950284,
      42.9941522
     ],
     [
      6.1949051,
      42.994075
     ],
     [
      6.1947012,
      42.9938632
     ],
     [
      6.1945617,
      42.9935689
     ],
     [
      6.1945242,
      42.9933727
     ],
     [
      6.1944181,
      42.9932098
     ],
     [
      6.1942238,
      42.9930745
     ],
     [
      6.1939341,
      42.992792
     ],
     [
      6.1936885,
      42.9924368
     ],
     [
      6.1935103,
      42.9921642
     ],
     [
      6.1933406,
      42.9919725
     ],
     [
      6.1930254,
      42.9916043
     ]
    ]
   }
  },
  {
   "type": "Feature",
   "properties": {
    "osm_id": 351821901,
    "nom": null,
    "type": "track",
    "sac_scale": null,
    "surface": null,
    "acces": null,
    "velo": null
   },
   "geometry": {
    "type": "LineString",
    "coordinates": [
     [
      6.2181383,
      42.993803
     ],
     [
      6.2179962,
      42.9938482
     ],
     [
      6.2173378,
      42.9946625
     ],
     [
      6.2171216,
      42.9948094
     ],
     [
      6.2167951,
      42.99497
     ],
     [
      6.2165838,
      42.9951682
     ],
     [
      6.2167101,
      42.9953398
     ],
     [
      6.2168412,
      42.9954821
     ],
     [
      6.216844,
      42.9955444
     ],
     [
      6.2167502,
      42.9956881
     ],
     [
      6.2165259,
      42.9959444
     ],
     [
      6.2163489,
      42.9961769
     ],
     [
      6.2159511,
      42.9966696
     ],
     [
      6.215885,
      42.9967297
     ],
     [
      6.2158122,
      42.9967871
     ],
     [
      6.2155232,
      42.9969487
     ],
     [
      6.2152566,
      42.9970793
     ],
     [
      6.2150171,
      42.9972004
     ],
     [
      6.2148945,
      42.9972884
     ],
     [
      6.2148355,
      42.9973308
     ]
    ]
   }
  },
  {
   "type": "Feature",
   "properties": {
    "osm_id": 351821903,
    "nom": null,
    "type": "track",
    "sac_scale": null,
    "surface": "dirt",
    "acces": null,
    "velo": null
   },
   "geometry": {
    "type": "LineString",
    "coordinates": [
     [
      6.2145844,
      42.991421
     ],
     [
      6.2148294,
      42.9912818
     ]
    ]
   }
  },
  {
   "type": "Feature",
   "properties": {
    "osm_id": 351821904,
    "nom": null,
    "type": "track",
    "sac_scale": null,
    "surface": null,
    "acces": "private",
    "velo": null
   },
   "geometry": {
    "type": "LineString",
    "coordinates": [
     [
      6.2449499,
      43.0062154
     ],
     [
      6.2447899,
      43.0062751
     ],
     [
      6.2445063,
      43.0062655
     ],
     [
      6.243817,
      43.0062602
     ],
     [
      6.2435015,
      43.0063101
     ],
     [
      6.243279,
      43.0062585
     ],
     [
      6.2429178,
      43.0061533
     ],
     [
      6.24267,
      43.0061272
     ],
     [
      6.2421863,
      43.0062643
     ],
     [
      6.2420512,
      43.0064
     ],
     [
      6.2420275,
      43.006543
     ],
     [
      6.242092,
      43.0067926
     ],
     [
      6.2420542,
      43.0069018
     ],
     [
      6.2419408,
      43.0070094
     ],
     [
      6.2413281,
      43.0073344
     ],
     [
      6.2410901,
      43.007574
     ],
     [
      6.240902,
      43.0077515
     ],
     [
      6.2407645,
      43.0079128
     ],
     [
      6.2407664,
      43.0081705
     ],
     [
      6.2407507,
      43.0092447
     ],
     [
      6.2405899,
      43.0092262
     ],
     [
      6.2383717,
      43.0092166
     ],
     [
      6.2375858,
      43.0092107
     ]
    ]
   }
  },
  {
   "type": "Feature",
   "properties": {
    "osm_id": 351821905,
    "nom": null,
    "type": "track",
    "sac_scale": "hiking",
    "surface": null,
    "acces": null,
    "velo": null
   },
   "geometry": {
    "type": "LineString",
    "coordinates": [
     [
      6.2162371,
      42.9982705
     ],
     [
      6.2168949,
      42.9982832
     ],
     [
      6.2173418,
      42.9983193
     ],
     [
      6.2180111,
      42.9983653
     ]
    ]
   }
  },
  {
   "type": "Feature",
   "properties": {
    "osm_id": 351821906,
    "nom": null,
    "type": "track",
    "sac_scale": null,
    "surface": null,
    "acces": null,
    "velo": null
   },
   "geometry": {
    "type": "LineString",
    "coordinates": [
     [
      6.2222142,
      43.0009917
     ],
     [
      6.2222148,
      43.0007194
     ],
     [
      6.2222442,
      43.0005463
     ],
     [
      6.2224903,
      42.9997874
     ],
     [
      6.2225371,
      42.999642
     ],
     [
      6.222619,
      42.9993873
     ],
     [
      6.2234881,
      42.9984692
     ],
     [
      6.2237027,
      42.9981318
     ],
     [
      6.2235417,
      42.9978885
     ],
     [
      6.2229516,
      42.9978101
     ],
     [
      6.2222114,
      42.9978415
     ],
     [
      6.2214818,
      42.9980455
     ],
     [
      6.2210839,
      42.9980927
     ],
     [
      6.2206879,
      42.9981396
     ],
     [
      6.2201262,
      42.9983653
     ],
     [
      6.2199761,
      42.9983991
     ],
     [
      6.2199004,
      42.9983967
     ],
     [
      6.2196423,
      42.9983262
     ],
     [
      6.2192717,
      42.9983044
     ],
     [
      6.2187894,
      42.9983136
     ],
     [
      6.2183168,
      42.9983672
     ],
     [
      6.2180111,
      42.9983653
     ],
     [
      6.2183399,
      42.9982238
     ],
     [
      6.2183851,
      42.9981624
     ],
     [
      6.2183245,
      42.9980388
     ],
     [
      6.2181475,
      42.9975965
     ],
     [
      6.2181129,
      42.9973706
     ],
     [
      6.2180782,
      42.9969853
     ],
     [
      6.2180887,
      42.9968111
     ],
     [
      6.2181774,
      42.9967175
     ],
     [
      6.2186694,
      42.9961936
     ],
     [
      6.218865,
      42.9960245
     ],
     [
      6.2191295,
      42.9959054
     ],
     [
      6.219442,
      42.9957765
     ],
     [
      6.219571,
      42.9957589
     ],
     [
      6.2196868,
      42.995661
     ],
     [
      6.2198617,
      42.9951264
     ],
     [
      6.2199559,
      42.9948445
     ],
     [
      6.2181383,
      42.993803
     ]
    ]
   }
  },
  {
   "type": "Feature",
   "properties": {
    "osm_id": 351821907,
    "nom": null,
    "type": "path",
    "sac_scale": null,
    "surface": null,
    "acces": null,
    "velo": "yes"
   },
   "geometry": {
    "type": "LineString",
    "coordinates": [
     [
      6.2057719,
      42.9850789
     ],
     [
      6.2063056,
      42.9853516
     ],
     [
      6.2064987,
      42.9854576
     ],
     [
      6.2067073,
      42.9855938
     ],
     [
      6.2068045,
      42.9857225
     ],
     [
      6.2067884,
      42.9858735
     ],
     [
      6.2067103,
      42.9860806
     ]
    ]
   }
  },
  {
   "type": "Feature",
   "properties": {
    "osm_id": 358967272,
    "nom": "Sentier du Littoral",
    "type": "path",
    "sac_scale": "mountain_hiking",
    "surface": "ground",
    "acces": null,
    "velo": null
   },
   "geometry": {
    "type": "LineString",
    "coordinates": [
     [
      6.1585663,
      43.0288947
     ],
     [
      6.1585974,
      43.0289076
     ]
    ]
   }
  },
  {
   "type": "Feature",
   "properties": {
    "osm_id": 358973955,
    "nom": "Sentier du Littoral",
    "type": "steps",
    "sac_scale": "mountain_hiking",
    "surface": "sand",
    "acces": null,
    "velo": "no"
   },
   "geometry": {
    "type": "LineString",
    "coordinates": [
     [
      6.1585974,
      43.0289076
     ],
     [
      6.1588481,
      43.0289286
     ],
     [
      6.1589647,
      43.0289664
     ],
     [
      6.1589995,
      43.0290202
     ]
    ]
   }
  },
  {
   "type": "Feature",
   "properties": {
    "osm_id": 358973957,
    "nom": "Sentier du Littoral",
    "type": "path",
    "sac_scale": "mountain_hiking",
    "surface": "ground",
    "acces": null,
    "velo": null
   },
   "geometry": {
    "type": "LineString",
    "coordinates": [
     [
      6.1590359,
      43.0295462
     ],
     [
      6.1590632,
      43.029622
     ],
     [
      6.1592224,
      43.0297224
     ],
     [
      6.1594117,
      43.0297679
     ],
     [
      6.1596247,
      43.0298612
     ],
     [
      6.1598204,
      43.0299841
     ],
     [
      6.1601044,
      43.0301755
     ],
     [
      6.1602201,
      43.0302207
     ],
     [
      6.1604415,
      43.0303082
     ],
     [
      6.1605895,
      43.0303953
     ],
     [
      6.1606771,
      43.0304197
     ],
     [
      6.1607813,
      43.030474
     ],
     [
      6.1609059,
      43.0304403
     ],
     [
      6.1610247,
      43.0304432
     ],
     [
      6.1612559,
      43.030374
     ],
     [
      6.1614273,
      43.0303923
     ],
     [
      6.1615405,
      43.0304427
     ],
     [
      6.161611,
      43.0305433
     ],
     [
      6.1616889,
      43.0306157
     ],
     [
      6.1619299,
      43.0307236
     ],
     [
      6.1622826,
      43.0307565
     ],
     [
      6.1623775,
      43.0308042
     ],
     [
      6.1625295,
      43.0309646
     ]
    ]
   }
  },
  {
   "type": "Feature",
   "properties": {
    "osm_id": 360379808,
    "nom": null,
    "type": "path",
    "sac_scale": "hiking",
    "surface": null,
    "acces": null,
    "velo": null
   },
   "geometry": {
    "type": "LineString",
    "coordinates": [
     [
      6.2065355,
      43.0026241
     ],
     [
      6.2064636,
      43.0026848
     ],
     [
      6.2063841,
      43.002711
     ],
     [
      6.2062718,
      43.0027425
     ],
     [
      6.2060864,
      43.002763
     ],
     [
      6.20599,
      43.0027624
     ],
     [
      6.2059647,
      43.0027576
     ],
     [
      6.2060209,
      43.0027069
     ],
     [
      6.2059207,
      43.0026918
     ],
     [
      6.2057663,
      43.0026747
     ],
     [
      6.2056521,
      43.0026549
     ],
     [
      6.2055772,
      43.002609
     ],
     [
      6.2055168,
      43.0026042
     ]
    ]
   }
  },
  {
   "type": "Feature",
   "properties": {
    "osm_id": 360379809,
    "nom": null,
    "type": "path",
    "sac_scale": "mountain_hiking",
    "surface": null,
    "acces": null,
    "velo": null
   },
   "geometry": {
    "type": "LineString",
    "coordinates": [
     [
      6.2055168,
      43.0026042
     ],
     [
      6.2054251,
      43.0026254
     ],
     [
      6.2053321,
      43.0026441
     ]
    ]
   }
  },
  {
   "type": "Feature",
   "properties": {
    "osm_id": 360379810,
    "nom": null,
    "type": "path",
    "sac_scale": "hiking",
    "surface": null,
    "acces": null,
    "velo": null
   },
   "geometry": {
    "type": "LineString",
    "coordinates": [
     [
      6.2062718,
      43.0027425
     ],
     [
      6.2062002,
      43.0027192
     ],
     [
      6.2061243,
      43.0026781
     ],
     [
      6.2060663,
      43.0026843
     ],
     [
      6.2060209,
      43.0027069
     ]
    ]
   }
  },
  {
   "type": "Feature",
   "properties": {
    "osm_id": 362839985,
    "nom": null,
    "type": "path",
    "sac_scale": "hiking",
    "surface": null,
    "acces": null,
    "velo": "yes"
   },
   "geometry": {
    "type": "LineString",
    "coordinates": [
     [
      6.2328907,
      43.0106601
     ],
     [
      6.2327213,
      43.0107848
     ],
     [
      6.232575,
      43.0109225
     ],
     [
      6.2325367,
      43.0109419
     ]
    ]
   }
  },
  {
   "type": "Feature",
   "properties": {
    "osm_id": 362839987,
    "nom": null,
    "type": "path",
    "sac_scale": "hiking",
    "surface": null,
    "acces": null,
    "velo": "yes"
   },
   "geometry": {
    "type": "LineString",
    "coordinates": [
     [
      6.2319056,
      43.0100683
     ],
     [
      6.232058,
      43.0102274
     ],
     [
      6.2325174,
      43.0104561
     ],
     [
      6.2328907,
      43.0106601
     ],
     [
      6.233587,
      43.0103568
     ]
    ]
   }
  },
  {
   "type": "Feature",
   "properties": {
    "osm_id": 453290112,
    "nom": "Chemin des Falaises",
    "type": "path",
    "sac_scale": "mountain_hiking",
    "surface": null,
    "acces": "no",
    "velo": null
   },
   "geometry": {
    "type": "LineString",
    "coordinates": [
     [
      6.2235827,
      42.9934172
     ],
     [
      6.2234741,
      42.9933809
     ],
     [
      6.2233842,
      42.9933839
     ],
     [
      6.2233266,
      42.9933642
     ],
     [
      6.2232756,
      42.993325
     ],
     [
      6.2232394,
      42.9932789
     ],
     [
      6.223167,
      42.9932701
     ],
     [
      6.2231187,
      42.99322
     ],
     [
      6.2230879,
      42.9931533
     ],
     [
      6.2230879,
      42.9931151
     ],
     [
      6.2230677,
      42.9930945
     ],
     [
      6.2230288,
      42.9930494
     ],
     [
      6.2230369,
      42.993015
     ],
     [
      6.2230262,
      42.9929984
     ],
     [
      6.2229605,
      42.9929876
     ],
     [
      6.22288,
      42.992966
     ],
     [
      6.2228263,
      42.9929307
     ],
     [
      6.222821,
      42.992913
     ],
     [
      6.2228465,
      42.9928385
     ],
     [
      6.2228478,
      42.9927884
     ],
     [
      6.222825,
      42.9927149
     ],
     [
      6.2227955,
      42.9926521
     ],
     [
      6.2227928,
      42.9926256
     ],
     [
      6.2227901,
      42.9925824
     ],
     [
      6.2227915,
      42.9925442
     ],
     [
      6.2227781,
      42.9925118
     ],
     [
      6.2227888,
      42.9924892
     ],
     [
      6.2228491,
      42.9924422
     ],
     [
      6.2229122,
      42.9924274
     ],
     [
      6.2229444,
      42.9924176
     ],
     [
      6.222947,
      42.9923921
     ],
     [
      6.2229202,
      42.9923607
     ],
     [
      6.2228733,
      42.992348
     ],
     [
      6.2228089,
      42.9923598
     ],
     [
      6.22277,
      42.992347
     ],
     [
      6.2227633,
      42.9923244
     ],
     [
      6.2227687,
      42.9922842
     ],
     [
      6.2228183,
      42.9922587
     ],
     [
      6.222888,
      42.992246
     ],
     [
      6.2229001,
      42.9922371
     ],
     [
      6.2228974,
      42.9922175
     ],
     [
      6.2229095,
      42.992193
     ],
     [
      6.2228867,
      42.9921498
     ],
     [
      6.2228505,
      42.9921332
     ],
     [
      6.2227915,
      42.992139
     ],
     [
      6.2227579,
      42.9921214
     ],
     [
      6.2226627,
      42.9921194
     ],
     [
      6.2226319,
      42.9921047
     ],
     [
      6.2225715,
      42.9920733
     ],
     [
      6.22253,
      42.9920733
     ],
     [
      6.2224951,
      42.9920841
     ],
     [
      6.2224173,
      42.9921273
     ],
     [
      6.2223342,
      42.9921508
     ],
     [
      6.2222483,
      42.9921646
     ],
     [
      6.222184,
      42.992194
     ],
     [
      6.2221652,
      42.9922303
     ],
     [
      6.2221504,
      42.9922509
     ],
     [
      6.2221062,
      42.9922528
     ],
     [
      6.2220351,
      42.9922852
     ],
     [
      6.2220203,
      42.9923156
     ],
     [
      6.2219801,
      42.9923382
     ],
     [
      6.2219278,
      42.9923195
     ],
     [
      6.2219037,
      42.9923284
     ],
     [
      6.2219117,
      42.9923696
     ],
     [
      6.2219184,
      42.9924049
     ],
     [
      6.2219077,
      42.9924176
     ],
     [
      6.2218554,
      42.9924314
     ],
     [
      6.2218393,
      42.992452
     ],
     [
      6.2218098,
      42.9924932
     ],
     [
      6.221724,
      42.9925216
     ],
     [
      6.2216596,
      42.9925501
     ],
     [
      6.2215805,
      42.9925893
     ],
     [
      6.2214638,
      42.9926256
     ],
     [
      6.2213324,
      42.9926334
     ],
     [
      6.2212425,
      42.9926089
     ],
     [
      6.2211513,
      42.9925559
     ],
     [
      6.2210717,
      42.992563
     ]
    ]
   }
  },
  {
   "type": "Feature",
   "properties": {
    "osm_id": 459025795,
    "nom": null,
    "type": "track",
    "sac_scale": null,
    "surface": null,
    "acces": "private",
    "velo": null
   },
   "geometry": {
    "type": "LineString",
    "coordinates": [
     [
      6.2454741,
      43.0053709
     ],
     [
      6.245289,
      43.0054288
     ],
     [
      6.2451603,
      43.0055387
     ],
     [
      6.245053,
      43.0059624
     ],
     [
      6.2449499,
      43.0062154
     ]
    ]
   }
  },
  {
   "type": "Feature",
   "properties": {
    "osm_id": 490139609,
    "nom": "Chemin des Chevraux",
    "type": "path",
    "sac_scale": "hiking",
    "surface": null,
    "acces": null,
    "velo": null
   },
   "geometry": {
    "type": "LineString",
    "coordinates": [
     [
      6.198614,
      42.9851489
     ],
     [
      6.1984209,
      42.9851567
     ],
     [
      6.1982814,
      42.9850468
     ],
     [
      6.1981956,
      42.9849212
     ],
     [
      6.1980454,
      42.98478
     ],
     [
      6.1979059,
      42.9846387
     ],
     [
      6.1976806,
      42.9845131
     ],
     [
      6.1972501,
      42.9844131
     ],
     [
      6.1971822,
      42.9843305
     ],
     [
      6.1969617,
      42.9842934
     ],
     [
      6.1968866,
      42.9841992
     ],
     [
      6.1966887,
      42.9841814
     ],
     [
      6.1966292,
      42.9841107
     ],
     [
      6.1963931,
      42.9841285
     ]
    ]
   }
  },
  {
   "type": "Feature",
   "properties": {
    "osm_id": 490139610,
    "nom": "Chemin de la Grand Cale Est",
    "type": "track",
    "sac_scale": null,
    "surface": "compacted",
    "acces": null,
    "velo": "no"
   },
   "geometry": {
    "type": "LineString",
    "coordinates": [
     [
      6.21752,
      42.9917879
     ],
     [
      6.2173832,
      42.991782
     ],
     [
      6.2172867,
      42.991831
     ],
     [
      6.2170828,
      42.9919644
     ],
     [
      6.2168817,
      42.9920292
     ],
     [
      6.2166456,
      42.9920959
     ],
     [
      6.2164928,
      42.9920959
     ],
     [
      6.2163291,
      42.9920154
     ],
     [
      6.2162057,
      42.991984
     ],
     [
      6.2161333,
      42.9919978
     ],
     [
      6.2160936,
      42.9920407
     ]
    ]
   }
  },
  {
   "type": "Feature",
   "properties": {
    "osm_id": 490139611,
    "nom": null,
    "type": "steps",
    "sac_scale": "hiking",
    "surface": null,
    "acces": null,
    "velo": null
   },
   "geometry": {
    "type": "LineString",
    "coordinates": [
     [
      6.2273989,
      43.010131
     ],
     [
      6.2274203,
      43.0100604
     ],
     [
      6.2275723,
      43.01017
     ]
    ]
   }
  },
  {
   "type": "Feature",
   "properties": {
    "osm_id": 490139612,
    "nom": "Chemin des Chevraux",
    "type": "path",
    "sac_scale": "hiking",
    "surface": null,
    "acces": null,
    "velo": null
   },
   "geometry": {
    "type": "LineString",
    "coordinates": [
     [
      6.1992439,
      42.9847033
     ],
     [
      6.198614,
      42.9851489
     ]
    ]
   }
  },
  {
   "type": "Feature",
   "properties": {
    "osm_id": 490139614,
    "nom": null,
    "type": "path",
    "sac_scale": null,
    "surface": null,
    "acces": null,
    "velo": null
   },
   "geometry": {
    "type": "LineString",
    "coordinates": [
     [
      6.2273989,
      43.010131
     ],
     [
      6.2272161,
      43.0101197
     ]
    ]
   }
  },
  {
   "type": "Feature",
   "properties": {
    "osm_id": 504739939,
    "nom": null,
    "type": "path",
    "sac_scale": "hiking",
    "surface": "dirt",
    "acces": null,
    "velo": null
   },
   "geometry": {
    "type": "LineString",
    "coordinates": [
     [
      6.16642,
      42.9994028
     ],
     [
      6.166487,
      42.9993548
     ],
     [
      6.1665165,
      42.9992312
     ],
     [
      6.1665729,
      42.9991841
     ],
     [
      6.1666936,
      42.9991586
     ]
    ]
   }
  },
  {
   "type": "Feature",
   "properties": {
    "osm_id": 517902902,
    "nom": "Chemin de l'Oustaou",
    "type": "path",
    "sac_scale": "hiking",
    "surface": null,
    "acces": "private",
    "velo": "no"
   },
   "geometry": {
    "type": "LineString",
    "coordinates": [
     [
      6.2199415,
      42.9904259
     ],
     [
      6.219812,
      42.9904933
     ],
     [
      6.2197557,
      42.990509
     ],
     [
      6.2196685,
      42.9905276
     ],
     [
      6.2195009,
      42.9905683
     ],
     [
      6.2193509,
      42.9906231
     ],
     [
      6.2191225,
      42.9907827
     ],
     [
      6.2190202,
      42.9909448
     ],
     [
      6.2188054,
      42.9911194
     ],
     [
      6.2187338,
      42.9913089
     ],
     [
      6.2184884,
      42.991451
     ],
     [
      6.2183316,
      42.9913986
     ],
     [
      6.2181816,
      42.9913937
     ],
     [
      6.21811,
      42.991451
     ],
     [
      6.2177231,
      42.9916815
     ],
     [
      6.21752,
      42.9917879
     ]
    ]
   }
  },
  {
   "type": "Feature",
   "properties": {
    "osm_id": 688995311,
    "nom": null,
    "type": "path",
    "sac_scale": null,
    "surface": "dirt",
    "acces": null,
    "velo": null
   },
   "geometry": {
    "type": "LineString",
    "coordinates": [
     [
      6.1952576,
      43.0035171
     ],
     [
      6.1950296,
      43.0033181
     ],
     [
      6.1946231,
      43.0034829
     ],
     [
      6.1943349,
      43.0035262
     ],
     [
      6.1936772,
      43.0035964
     ],
     [
      6.1935959,
      43.0034802
     ],
     [
      6.1936255,
      43.0034208
     ],
     [
      6.1939248,
      43.0032532
     ],
     [
      6.1940024,
      43.0031695
     ],
     [
      6.1942499,
      43.0030695
     ],
     [
      6.1944421,
      43.0028911
     ],
     [
      6.1948263,
      43.002629
     ],
     [
      6.1955,
      43.0021425
     ]
    ]
   }
  },
  {
   "type": "Feature",
   "properties": {
    "osm_id": 688995312,
    "nom": null,
    "type": "path",
    "sac_scale": null,
    "surface": "dirt",
    "acces": null,
    "velo": null
   },
   "geometry": {
    "type": "LineString",
    "coordinates": [
     [
      6.1940024,
      43.0031695
     ],
     [
      6.193474,
      43.0031289
     ],
     [
      6.1932375,
      43.0031505
     ],
     [
      6.1929825,
      43.0032667
     ],
     [
      6.1927653,
      43.0033462
     ],
     [
      6.1926352,
      43.0033937
     ],
     [
      6.1925317,
      43.0034019
     ],
     [
      6.1923913,
      43.0033721
     ],
     [
      6.1921236,
      43.0030941
     ],
     [
      6.1921377,
      43.0030036
     ],
     [
      6.1923211,
      43.0028506
     ],
     [
      6.192613,
      43.0026939
     ],
     [
      6.1927387,
      43.0025047
     ],
     [
      6.1927941,
      43.0023966
     ],
     [
      6.1928717,
      43.0022615
     ],
     [
      6.1929271,
      43.002148
     ],
     [
      6.1931303,
      43.0020913
     ],
     [
      6.193219,
      43.002021
     ],
     [
      6.1933705,
      43.0017724
     ],
     [
      6.1934075,
      43.0016832
     ],
     [
      6.1937991,
      43.0016238
     ],
     [
      6.1939913,
      43.001594
     ],
     [
      6.1942912,
      43.0015984
     ],
     [
      6.1945529,
      43.0017265
     ],
     [
      6.1949556,
      43.0016246
     ],
     [
      6.1950438,
      43.0012948
     ],
     [
      6.1950629,
      43.0012408
     ]
    ]
   }
  },
  {
   "type": "Feature",
   "properties": {
    "osm_id": 688995313,
    "nom": null,
    "type": "path",
    "sac_scale": null,
    "surface": null,
    "acces": null,
    "velo": null
   },
   "geometry": {
    "type": "LineString",
    "coordinates": [
     [
      6.1934075,
      43.0016832
     ],
     [
      6.1933268,
      43.0015566
     ]
    ]
   }
  },
  {
   "type": "Feature",
   "properties": {
    "osm_id": 688995314,
    "nom": null,
    "type": "path",
    "sac_scale": null,
    "surface": "dirt",
    "acces": null,
    "velo": null
   },
   "geometry": {
    "type": "LineString",
    "coordinates": [
     [
      6.1944421,
      43.0028911
     ],
     [
      6.1946342,
      43.0024182
     ],
     [
      6.1947488,
      43.0022129
     ],
     [
      6.1947118,
      43.0020345
     ],
     [
      6.1945529,
      43.0017265
     ]
    ]
   }
  },
  {
   "type": "Feature",
   "properties": {
    "osm_id": 688995315,
    "nom": null,
    "type": "path",
    "sac_scale": null,
    "surface": "dirt",
    "acces": null,
    "velo": null
   },
   "geometry": {
    "type": "LineString",
    "coordinates": [
     [
      6.1927653,
      43.0033462
     ],
     [
      6.1926611,
      43.002956
     ]
    ]
   }
  },
  {
   "type": "Feature",
   "properties": {
    "osm_id": 688995316,
    "nom": null,
    "type": "path",
    "sac_scale": null,
    "surface": "dirt",
    "acces": null,
    "velo": null
   },
   "geometry": {
    "type": "LineString",
    "coordinates": [
     [
      6.1950296,
      43.0033181
     ],
     [
      6.1952978,
      43.0032344
     ],
     [
      6.1953326,
      43.0032235
     ],
     [
      6.1953383,
      43.0034455
     ]
    ]
   }
  },
  {
   "type": "Feature",
   "properties": {
    "osm_id": 688995317,
    "nom": null,
    "type": "path",
    "sac_scale": null,
    "surface": "dirt",
    "acces": null,
    "velo": null
   },
   "geometry": {
    "type": "LineString",
    "coordinates": [
     [
      6.1952978,
      43.0032344
     ],
     [
      6.1952587,
      43.0031316
     ],
     [
      6.1955764,
      43.0028803
     ],
     [
      6.1958055,
      43.0030208
     ],
     [
      6.1958156,
      43.0031931
     ],
     [
      6.1957006,
      43.0033272
     ]
    ]
   }
  },
  {
   "type": "Feature",
   "properties": {
    "osm_id": 688995318,
    "nom": null,
    "type": "path",
    "sac_scale": null,
    "surface": null,
    "acces": null,
    "velo": null
   },
   "geometry": {
    "type": "LineString",
    "coordinates": [
     [
      6.1961436,
      43.0030079
     ],
     [
      6.1971468,
      43.0026804
     ]
    ]
   }
  },
  {
   "type": "Feature",
   "properties": {
    "osm_id": 688995319,
    "nom": null,
    "type": "path",
    "sac_scale": null,
    "surface": null,
    "acces": null,
    "velo": null
   },
   "geometry": {
    "type": "LineString",
    "coordinates": [
     [
      6.1957317,
      43.0017427
     ],
     [
      6.1961529,
      43.0019859
     ],
     [
      6.1964189,
      43.0021696
     ],
     [
      6.1963191,
      43.0023642
     ]
    ]
   }
  },
  {
   "type": "Feature",
   "properties": {
    "osm_id": 721201837,
    "nom": null,
    "type": "track",
    "sac_scale": null,
    "surface": null,
    "acces": null,
    "velo": null
   },
   "geometry": {
    "type": "LineString",
    "coordinates": [
     [
      6.2008981,
      43.0000965
     ],
     [
      6.2008938,
      43.0001266
     ],
     [
      6.2008908,
      43.0001479
     ]
    ]
   }
  },
  {
   "type": "Feature",
   "properties": {
    "osm_id": 740721736,
    "nom": null,
    "type": "track",
    "sac_scale": null,
    "surface": "compacted",
    "acces": null,
    "velo": null
   },
   "geometry": {
    "type": "LineString",
    "coordinates": [
     [
      6.2186974,
      42.9932192
     ],
     [
      6.218599,
      42.9933719
     ],
     [
      6.2182932,
      42.9936092
     ],
     [
      6.2181666,
      42.9937573
     ],
     [
      6.2181383,
      42.993803
     ]
    ]
   }
  },
  {
   "type": "Feature",
   "properties": {
    "osm_id": 740743401,
    "nom": null,
    "type": "footway",
    "sac_scale": null,
    "surface": null,
    "acces": "private",
    "velo": null
   },
   "geometry": {
    "type": "LineString",
    "coordinates": [
     [
      6.2025704,
      42.9979295
     ],
     [
      6.2025036,
      42.9975316
     ],
     [
      6.2018073,
      42.9975936
     ],
     [
      6.2017429,
      42.9976011
     ]
    ]
   }
  },
  {
   "type": "Feature",
   "properties": {
    "osm_id": 740756422,
    "nom": null,
    "type": "track",
    "sac_scale": null,
    "surface": null,
    "acces": null,
    "velo": null
   },
   "geometry": {
    "type": "LineString",
    "coordinates": [
     [
      6.2238585,
      43.0045273
     ],
     [
      6.2237558,
      43.0045317
     ],
     [
      6.2234506,
      43.0046096
     ],
     [
      6.223384,
      43.0046315
     ],
     [
      6.2232557,
      43.0046831
     ],
     [
      6.223206,
      43.0047109
     ],
     [
      6.2231545,
      43.0047551
     ],
     [
      6.2231199,
      43.0048102
     ],
     [
      6.2231094,
      43.0048694
     ],
     [
      6.2231535,
      43.0050233
     ],
     [
      6.223153,
      43.005051
     ],
     [
      6.223123,
      43.0051071
     ],
     [
      6.2230947,
      43.0051485
     ]
    ]
   }
  },
  {
   "type": "Feature",
   "properties": {
    "osm_id": 786901894,
    "nom": null,
    "type": "path",
    "sac_scale": null,
    "surface": null,
    "acces": null,
    "velo": null
   },
   "geometry": {
    "type": "LineString",
    "coordinates": [
     [
      6.230329,
      43.0100057
     ],
     [
      6.2292588,
      43.0098351
     ],
     [
      6.2284943,
      43.0098606
     ],
     [
      6.2278452,
      43.0099704
     ],
     [
      6.2276468,
      43.0100292
     ],
     [
      6.2275529,
      43.0100292
     ],
     [
      6.2274203,
      43.0100604
     ]
    ]
   }
  },
  {
   "type": "Feature",
   "properties": {
    "osm_id": 786901895,
    "nom": null,
    "type": "path",
    "sac_scale": null,
    "surface": null,
    "acces": null,
    "velo": null
   },
   "geometry": {
    "type": "LineString",
    "coordinates": [
     [
      6.1963225,
      42.9964792
     ],
     [
      6.1965331,
      42.9966319
     ],
     [
      6.1968631,
      42.9967908
     ],
     [
      6.1970186,
      42.9968693
     ],
     [
      6.1971635,
      42.9969694
     ],
     [
      6.1973298,
      42.9970537
     ],
     [
      6.1975698,
      42.9971851
     ],
     [
      6.1976747,
      42.9972256
     ]
    ]
   }
  },
  {
   "type": "Feature",
   "properties": {
    "osm_id": 786901896,
    "nom": null,
    "type": "path",
    "sac_scale": "hiking",
    "surface": "dirt",
    "acces": null,
    "velo": "no"
   },
   "geometry": {
    "type": "LineString",
    "coordinates": [
     [
      6.2126305,
      43.0024707
     ],
     [
      6.2126578,
      43.0026149
     ],
     [
      6.2125997,
      43.0026715
     ],
     [
      6.2130323,
      43.0029761
     ],
     [
      6.2131718,
      43.0031565
     ],
     [
      6.213352,
      43.0033258
     ]
    ]
   }
  },
  {
   "type": "Feature",
   "properties": {
    "osm_id": 786901898,
    "nom": null,
    "type": "path",
    "sac_scale": null,
    "surface": "dirt",
    "acces": null,
    "velo": null
   },
   "geometry": {
    "type": "LineString",
    "coordinates": [
     [
      6.1848454,
      43.0048011
     ],
     [
      6.1849755,
      43.0048433
     ],
     [
      6.1852705,
      43.0048904
     ],
     [
      6.1854462,
      43.0049472
     ],
     [
      6.1855347,
      43.0049629
     ]
    ]
   }
  },
  {
   "type": "Feature",
   "properties": {
    "osm_id": 786901899,
    "nom": null,
    "type": "path",
    "sac_scale": "mountain_hiking",
    "surface": null,
    "acces": null,
    "velo": null
   },
   "geometry": {
    "type": "LineString",
    "coordinates": [
     [
      6.1985257,
      42.9860569
     ],
     [
      6.1987755,
      42.9861062
     ],
     [
      6.1988345,
      42.9861474
     ],
     [
      6.198982,
      42.9862632
     ],
     [
      6.1989994,
      42.9863044
     ],
     [
      6.1989538,
      42.9863437
     ],
     [
      6.1988985,
      42.986365
     ],
     [
      6.1988693,
      42.9864045
     ],
     [
      6.1987215,
      42.9864933
     ]
    ]
   }
  },
  {
   "type": "Feature",
   "properties": {
    "osm_id": 786901900,
    "nom": null,
    "type": "path",
    "sac_scale": null,
    "surface": null,
    "acces": null,
    "velo": null
   },
   "geometry": {
    "type": "LineString",
    "coordinates": [
     [
      6.2359288,
      43.0129508
     ],
     [
      6.2354547,
      43.0130065
     ],
     [
      6.2351989,
      43.0129525
     ],
     [
      6.2351248,
      43.0129398
     ]
    ]
   }
  },
  {
   "type": "Feature",
   "properties": {
    "osm_id": 786901901,
    "nom": null,
    "type": "path",
    "sac_scale": "hiking",
    "surface": null,
    "acces": null,
    "velo": "yes"
   },
   "geometry": {
    "type": "LineString",
    "coordinates": [
     [
      6.2350542,
      43.0114764
     ],
     [
      6.2348377,
      43.0116828
     ],
     [
      6.2347653,
      43.0119454
     ],
     [
      6.234701,
      43.0121494
     ],
     [
      6.2345434,
      43.0123061
     ],
     [
      6.2344971,
      43.0123337
     ]
    ]
   }
  },
  {
   "type": "Feature",
   "properties": {
    "osm_id": 786901902,
    "nom": null,
    "type": "path",
    "sac_scale": null,
    "surface": "pebblestone",
    "acces": null,
    "velo": null
   },
   "geometry": {
    "type": "LineString",
    "coordinates": [
     [
      6.2357269,
      43.0138056
     ],
     [
      6.2355915,
      43.0135948
     ],
     [
      6.2351248,
      43.0129398
     ],
     [
      6.2344971,
      43.0123337
     ],
     [
      6.2342101,
      43.0120788
     ],
     [
      6.2334524,
      43.0115541
     ],
     [
      6.2328181,
      43.0111452
     ],
     [
      6.232575,
      43.0109225
     ],
     [
      6.232059,
      43.0107039
     ],
     [
      6.2313482,
      43.010396
     ],
     [
      6.2310424,
      43.0102509
     ],
     [
      6.2306026,
      43.0100881
     ],
     [
      6.230329,
      43.0100057
     ]
    ]
   }
  },
  {
   "type": "Feature",
   "properties": {
    "osm_id": 786901903,
    "nom": "Route de la Galère",
    "type": "track",
    "sac_scale": null,
    "surface": null,
    "acces": null,
    "velo": null
   },
   "geometry": {
    "type": "LineString",
    "coordinates": [
     [
      6.2305492,
      43.0086604
     ],
     [
      6.2304094,
      43.0096448
     ],
     [
      6.2303102,
      43.0098763
     ],
     [
      6.230329,
      43.0100057
     ]
    ]
   }
  },
  {
   "type": "Feature",
   "properties": {
    "osm_id": 799485281,
    "nom": null,
    "type": "track",
    "sac_scale": null,
    "surface": null,
    "acces": "private",
    "velo": null
   },
   "geometry": {
    "type": "LineString",
    "coordinates": [
     [
      6.1853872,
      43.0013007
     ],
     [
      6.1855133,
      43.0013096
     ],
     [
      6.1856125,
      43.001338
     ],
     [
      6.1857694,
      43.0014243
     ],
     [
      6.186204,
      43.001746
     ],
     [
      6.1863823,
      43.0018716
     ],
     [
      6.1863515,
      43.0019946
     ]
    ]
   }
  },
  {
   "type": "Feature",
   "properties": {
    "osm_id": 902615237,
    "nom": null,
    "type": "path",
    "sac_scale": null,
    "surface": null,
    "acces": null,
    "velo": null
   },
   "geometry": {
    "type": "LineString",
    "coordinates": [
     [
      6.2173717,
      43.0128869
     ],
     [
      6.2173524,
      43.0129496
     ],
     [
      6.2176099,
      43.0130947
     ],
     [
      6.2176529,
      43.0131731
     ],
     [
      6.2178259,
      43.0132545
     ],
     [
      6.2180257,
      43.0132526
     ]
    ]
   }
  },
  {
   "type": "Feature",
   "properties": {
    "osm_id": 902615239,
    "nom": null,
    "type": "path",
    "sac_scale": null,
    "surface": null,
    "acces": null,
    "velo": null
   },
   "geometry": {
    "type": "LineString",
    "coordinates": [
     [
      6.2175357,
      43.0124913
     ],
     [
      6.2176361,
      43.0125137
     ],
     [
      6.2177105,
      43.0125088
     ],
     [
      6.2177789,
      43.0124818
     ],
     [
      6.2178138,
      43.0124416
     ],
     [
      6.217909,
      43.0124004
     ]
    ]
   }
  },
  {
   "type": "Feature",
   "properties": {
    "osm_id": 934975584,
    "nom": null,
    "type": "path",
    "sac_scale": null,
    "surface": null,
    "acces": null,
    "velo": null
   },
   "geometry": {
    "type": "LineString",
    "coordinates": [
     [
      6.2215957,
      42.9932194
     ],
     [
      6.2215461,
      42.9932959
     ],
     [
      6.2214768,
      42.9933571
     ]
    ]
   }
  },
  {
   "type": "Feature",
   "properties": {
    "osm_id": 934975585,
    "nom": null,
    "type": "path",
    "sac_scale": null,
    "surface": null,
    "acces": null,
    "velo": null
   },
   "geometry": {
    "type": "LineString",
    "coordinates": [
     [
      6.1884034,
      43.0039694
     ],
     [
      6.1883914,
      43.0039476
     ]
    ]
   }
  },
  {
   "type": "Feature",
   "properties": {
    "osm_id": 934975586,
    "nom": null,
    "type": "path",
    "sac_scale": null,
    "surface": "dirt",
    "acces": null,
    "velo": null
   },
   "geometry": {
    "type": "LineString",
    "coordinates": [
     [
      6.1842052,
      43.0072702
     ],
     [
      6.1842312,
      43.0073382
     ],
     [
      6.1842768,
      43.0073971
     ],
     [
      6.1842848,
      43.0074853
     ],
     [
      6.1842663,
      43.0075701
     ]
    ]
   }
  },
  {
   "type": "Feature",
   "properties": {
    "osm_id": 934975588,
    "nom": null,
    "type": "path",
    "sac_scale": null,
    "surface": null,
    "acces": null,
    "velo": null
   },
   "geometry": {
    "type": "LineString",
    "coordinates": [
     [
      6.1629264,
      42.9991606
     ],
     [
      6.162689,
      42.9991027
     ],
     [
      6.1625227,
      42.9990978
     ],
     [
      6.1622666,
      42.9991469
     ],
     [
      6.1621539,
      42.9991508
     ],
     [
      6.1620413,
      42.9991361
     ],
     [
      6.1619662,
      42.9991469
     ],
     [
      6.161883,
      42.9991419
     ]
    ]
   }
  },
  {
   "type": "Feature",
   "properties": {
    "osm_id": 934975592,
    "nom": null,
    "type": "path",
    "sac_scale": null,
    "surface": null,
    "acces": null,
    "velo": null
   },
   "geometry": {
    "type": "LineString",
    "coordinates": [
     [
      6.249191,
      43.003957
     ],
     [
      6.2493673,
      43.00399
     ],
     [
      6.2494759,
      43.0039815
     ],
     [
      6.2495412,
      43.0039781
     ],
     [
      6.2496474,
      43.0040038
     ],
     [
      6.2496977,
      43.0040248
     ],
     [
      6.2497511,
      43.004039
     ],
     [
      6.2498405,
      43.0040404
     ],
     [
      6.2499606,
      43.0040733
     ],
     [
      6.25015,
      43.0041592
     ],
     [
      6.2502373,
      43.0041467
     ],
     [
      6.2503172,
      43.004118
     ],
     [
      6.250463,
      43.0041263
     ],
     [
      6.2506686,
      43.0041492
     ],
     [
      6.2508606,
      43.0041534
     ],
     [
      6.2509391,
      43.0041744
     ],
     [
      6.2509806,
      43.0042117
     ]
    ]
   }
  },
  {
   "type": "Feature",
   "properties": {
    "osm_id": 934975593,
    "nom": null,
    "type": "path",
    "sac_scale": null,
    "surface": null,
    "acces": null,
    "velo": null
   },
   "geometry": {
    "type": "LineString",
    "coordinates": [
     [
      6.2406281,
      43.0246071
     ],
     [
      6.2406246,
      43.0246196
     ],
     [
      6.2406059,
      43.0246864
     ],
     [
      6.240618,
      43.0247203
     ],
     [
      6.2406423,
      43.0247507
     ],
     [
      6.2409881,
      43.0250345
     ],
     [
      6.2410672,
      43.0250551
     ],
     [
      6.2411162,
      43.0250609
     ],
     [
      6.2412731,
      43.0250702
     ],
     [
      6.2413343,
      43.0250921
     ],
     [
      6.241444,
      43.0251707
     ],
     [
      6.2417343,
      43.0252734
     ],
     [
      6.2417517,
      43.0252945
     ],
     [
      6.2417488,
      43.0253191
     ],
     [
      6.2416895,
      43.0254237
     ],
     [
      6.2416868,
      43.0254796
     ],
     [
      6.2417552,
      43.0255708
     ],
     [
      6.2419134,
      43.0257129
     ],
     [
      6.2420207,
      43.0259815
     ],
     [
      6.2421481,
      43.0261521
     ]
    ]
   }
  },
  {
   "type": "Feature",
   "properties": {
    "osm_id": 934975594,
    "nom": null,
    "type": "path",
    "sac_scale": null,
    "surface": null,
    "acces": null,
    "velo": null
   },
   "geometry": {
    "type": "LineString",
    "coordinates": [
     [
      6.2273593,
      42.999872
     ],
     [
      6.2272109,
      42.9999051
     ],
     [
      6.2268555,
      42.9999658
     ],
     [
      6.226547,
      43.0000728
     ],
     [
      6.2263311,
      43.000418
     ],
     [
      6.2264277,
      43.0005524
     ],
     [
      6.2266298,
      43.0006017
     ]
    ]
   }
  },
  {
   "type": "Feature",
   "properties": {
    "osm_id": 968495222,
    "nom": null,
    "type": "path",
    "sac_scale": null,
    "surface": null,
    "acces": null,
    "velo": null
   },
   "geometry": {
    "type": "LineString",
    "coordinates": [
     [
      6.2406281,
      43.0246071
     ],
     [
      6.2406246,
      43.0246196
     ]
    ]
   }
  },
  {
   "type": "Feature",
   "properties": {
    "osm_id": 968495223,
    "nom": null,
    "type": "path",
    "sac_scale": null,
    "surface": null,
    "acces": null,
    "velo": null
   },
   "geometry": {
    "type": "LineString",
    "coordinates": [
     [
      6.2412521,
      43.0249431
     ],
     [
      6.2414122,
      43.0249928
     ],
     [
      6.2414422,
      43.025002
     ],
     [
      6.2416075,
      43.025053
     ],
     [
      6.2416517,
      43.0250563
     ],
     [
      6.2417146,
      43.0250488
     ],
     [
      6.2418829,
      43.0250179
     ]
    ]
   }
  },
  {
   "type": "Feature",
   "properties": {
    "osm_id": 968495225,
    "nom": null,
    "type": "path",
    "sac_scale": null,
    "surface": null,
    "acces": null,
    "velo": null
   },
   "geometry": {
    "type": "LineString",
    "coordinates": [
     [
      6.2125432,
      42.9974474
     ],
     [
      6.212579,
      42.9975413
     ],
     [
      6.2125997,
      42.997677
     ],
     [
      6.2125636,
      42.9977742
     ],
     [
      6.2125461,
      42.9978647
     ],
     [
      6.2124853,
      42.9979257
     ],
     [
      6.212477,
      42.9979679
     ],
     [
      6.2125172,
      42.9980056
     ],
     [
      6.2126131,
      42.9980275
     ],
     [
      6.2129696,
      42.9980546
     ],
     [
      6.2131623,
      42.9980991
     ],
     [
      6.2131961,
      42.9981093
     ],
     [
      6.2133447,
      42.9981541
     ],
     [
      6.213421,
      42.9981978
     ],
     [
      6.2134488,
      42.998246
     ],
     [
      6.2134664,
      42.9983161
     ],
     [
      6.2134478,
      42.9983621
     ],
     [
      6.2133684,
      42.9984835
     ],
     [
      6.2133128,
      42.9985438
     ],
     [
      6.2132645,
      42.9985928
     ],
     [
      6.2131268,
      42.9987418
     ],
     [
      6.2128616,
      42.998823
     ],
     [
      6.2126089,
      42.9987875
     ],
     [
      6.2123344,
      42.9988159
     ],
     [
      6.2118304,
      42.9987366
     ],
     [
      6.2115865,
      42.9986345
     ],
     [
      6.2112455,
      42.9984203
     ],
     [
      6.2109464,
      42.9983573
     ],
     [
      6.2108508,
      42.9983751
     ],
     [
      6.2106766,
      42.9985329
     ]
    ]
   }
  },
  {
   "type": "Feature",
   "properties": {
    "osm_id": 985073668,
    "nom": null,
    "type": "footway",
    "sac_scale": null,
    "surface": "concrete",
    "acces": null,
    "velo": null
   },
   "geometry": {
    "type": "LineString",
    "coordinates": [
     [
      6.2012854,
      43.0032463
     ],
     [
      6.2012344,
      43.0031753
     ],
     [
      6.2010176,
      43.0028688
     ]
    ]
   }
  },
  {
   "type": "Feature",
   "properties": {
    "osm_id": 1073387372,
    "nom": null,
    "type": "footway",
    "sac_scale": null,
    "surface": "unpaved",
    "acces": null,
    "velo": "yes"
   },
   "geometry": {
    "type": "LineString",
    "coordinates": [
     [
      6.237552,
      43.0161428
     ],
     [
      6.2371189,
      43.0161725
     ],
     [
      6.2370934,
      43.0160979
     ]
    ]
   }
  },
  {
   "type": "Feature",
   "properties": {
    "osm_id": 1073387374,
    "nom": null,
    "type": "footway",
    "sac_scale": null,
    "surface": "unpaved",
    "acces": null,
    "velo": null
   },
   "geometry": {
    "type": "LineString",
    "coordinates": [
     [
      6.2366275,
      43.0146366
     ],
     [
      6.2365463,
      43.0146604
     ],
     [
      6.2364377,
      43.0147519
     ]
    ]
   }
  },
  {
   "type": "Feature",
   "properties": {
    "osm_id": 1088711990,
    "nom": null,
    "type": "path",
    "sac_scale": "hiking",
    "surface": "concrete",
    "acces": null,
    "velo": null
   },
   "geometry": {
    "type": "LineString",
    "coordinates": [
     [
      6.1547768,
      43.0280017
     ],
     [
      6.1548241,
      43.0279502
     ],
     [
      6.1549233,
      43.0279355
     ],
     [
      6.1549627,
      43.0279345
     ],
     [
      6.1550561,
      43.0278967
     ],
     [
      6.1550736,
      43.0277463
     ],
     [
      6.1551225,
      43.0276909
     ],
     [
      6.1551822,
      43.0276771
     ],
     [
      6.1552205,
      43.0276699
     ],
     [
      6.1553096,
      43.0276869
     ],
     [
      6.1553558,
      43.0277329
     ]
    ]
   }
  },
  {
   "type": "Feature",
   "properties": {
    "osm_id": 1089459302,
    "nom": null,
    "type": "path",
    "sac_scale": null,
    "surface": "gravel",
    "acces": null,
    "velo": null
   },
   "geometry": {
    "type": "LineString",
    "coordinates": [
     [
      6.155266,
      43.0271032
     ],
     [
      6.1552513,
      43.027062
     ],
     [
      6.1553056,
      43.0269409
     ],
     [
      6.1554188,
      43.0268247
     ]
    ]
   }
  },
  {
   "type": "Feature",
   "properties": {
    "osm_id": 1103653345,
    "nom": "Montée de Sainte-Agathe",
    "type": "path",
    "sac_scale": "hiking",
    "surface": "compacted",
    "acces": null,
    "velo": "no"
   },
   "geometry": {
    "type": "LineString",
    "coordinates": [
     [
      6.2051554,
      42.9995575
     ],
     [
      6.2051179,
      42.9995261
     ],
     [
      6.2050723,
      42.9995026
     ],
     [
      6.2049985,
      42.9994447
     ]
    ]
   }
  },
  {
   "type": "Feature",
   "properties": {
    "osm_id": 1108954717,
    "nom": null,
    "type": "path",
    "sac_scale": null,
    "surface": "dirt",
    "acces": null,
    "velo": null
   },
   "geometry": {
    "type": "LineString",
    "coordinates": [
     [
      6.2072242,
      43.0016102
     ],
     [
      6.206892,
      43.0017371
     ],
     [
      6.2067622,
      43.0018193
     ],
     [
      6.2068065,
      43.0019178
     ],
     [
      6.2070381,
      43.0021273
     ]
    ]
   }
  },
  {
   "type": "Feature",
   "properties": {
    "osm_id": 1108954718,
    "nom": null,
    "type": "path",
    "sac_scale": null,
    "surface": "dirt",
    "acces": null,
    "velo": null
   },
   "geometry": {
    "type": "LineString",
    "coordinates": [
     [
      6.2075824,
      43.0016074
     ],
     [
      6.2076586,
      43.001805
     ]
    ]
   }
  },
  {
   "type": "Feature",
   "properties": {
    "osm_id": 1108954719,
    "nom": null,
    "type": "path",
    "sac_scale": null,
    "surface": "dirt",
    "acces": null,
    "velo": null
   },
   "geometry": {
    "type": "LineString",
    "coordinates": [
     [
      6.2074214,
      43.0016052
     ],
     [
      6.2075824,
      43.0016074
     ],
     [
      6.2081851,
      43.0014465
     ]
    ]
   }
  },
  {
   "type": "Feature",
   "properties": {
    "osm_id": 1108954720,
    "nom": null,
    "type": "path",
    "sac_scale": null,
    "surface": null,
    "acces": null,
    "velo": null
   },
   "geometry": {
    "type": "LineString",
    "coordinates": [
     [
      6.2174425,
      43.0082481
     ],
     [
      6.2170903,
      43.0083142
     ]
    ]
   }
  },
  {
   "type": "Feature",
   "properties": {
    "osm_id": 1108954722,
    "nom": "Chemin de l'Oustaou de Diou",
    "type": "path",
    "sac_scale": null,
    "surface": null,
    "acces": null,
    "velo": null
   },
   "geometry": {
    "type": "LineString",
    "coordinates": [
     [
      6.219318,
      42.9923319
     ],
     [
      6.2187868,
      42.992715
     ],
     [
      6.218786,
      42.9927571
     ],
     [
      6.2187732,
      42.9930004
     ]
    ]
   }
  },
  {
   "type": "Feature",
   "properties": {
    "osm_id": 1108954723,
    "nom": null,
    "type": "path",
    "sac_scale": null,
    "surface": null,
    "acces": "private",
    "velo": null
   },
   "geometry": {
    "type": "LineString",
    "coordinates": [
     [
      6.2172939,
      42.9924395
     ],
     [
      6.2175801,
      42.9925406
     ],
     [
      6.2176653,
      42.9925321
     ],
     [
      6.2177188,
      42.992567
     ],
     [
      6.2181129,
      42.9925966
     ],
     [
      6.2182285,
      42.992604
     ],
     [
      6.2183858,
      42.9925712
     ],
     [
      6.2186385,
      42.9926135
     ],
     [
      6.2187916,
      42.9926018
     ]
    ]
   }
  },
  {
   "type": "Feature",
   "properties": {
    "osm_id": 1108954724,
    "nom": null,
    "type": "track",
    "sac_scale": null,
    "surface": null,
    "acces": null,
    "velo": null
   },
   "geometry": {
    "type": "LineString",
    "coordinates": [
     [
      6.2168722,
      42.9928301
     ],
     [
      6.21703,
      42.9930929
     ],
     [
      6.2171109,
      42.9931732
     ],
     [
      6.2172956,
      42.9932208
     ]
    ]
   }
  },
  {
   "type": "Feature",
   "properties": {
    "osm_id": 1128316019,
    "nom": null,
    "type": "path",
    "sac_scale": null,
    "surface": "sand",
    "acces": null,
    "velo": null
   },
   "geometry": {
    "type": "LineString",
    "coordinates": [
     [
      6.1891356,
      43.0037135
     ],
     [
      6.1889785,
      43.0039538
     ]
    ]
   }
  },
  {
   "type": "Feature",
   "properties": {
    "osm_id": 1156355498,
    "nom": "Sentier du Littoral",
    "type": "path",
    "sac_scale": "mountain_hiking",
    "surface": "ground",
    "acces": null,
    "velo": null
   },
   "geometry": {
    "type": "LineString",
    "coordinates": [
     [
      6.1590475,
      43.0294868
     ],
     [
      6.1590359,
      43.0295462
     ]
    ]
   }
  },
  {
   "type": "Feature",
   "properties": {
    "osm_id": 1156355499,
    "nom": "Sentier du Littoral",
    "type": "path",
    "sac_scale": "mountain_hiking",
    "surface": "ground",
    "acces": null,
    "velo": null
   },
   "geometry": {
    "type": "LineString",
    "coordinates": [
     [
      6.1589995,
      43.0290202
     ],
     [
      6.159005,
      43.0291913
     ],
     [
      6.1590616,
      43.0292784
     ],
     [
      6.159061,
      43.0293688
     ],
     [
      6.1590475,
      43.0294868
     ]
    ]
   }
  },
  {
   "type": "Feature",
   "properties": {
    "osm_id": 1174041873,
    "nom": null,
    "type": "footway",
    "sac_scale": null,
    "surface": "wood",
    "acces": null,
    "velo": null
   },
   "geometry": {
    "type": "LineString",
    "coordinates": [
     [
      6.2008225,
      43.0029371
     ],
     [
      6.2007994,
      43.0029027
     ],
     [
      6.2005593,
      43.0025458
     ],
     [
      6.2005408,
      43.0025177
     ],
     [
      6.1999513,
      43.0027361
     ],
     [
      6.1999381,
      43.002741
     ]
    ]
   }
  },
  {
   "type": "Feature",
   "properties": {
    "osm_id": 1223710847,
    "nom": null,
    "type": "path",
    "sac_scale": null,
    "surface": null,
    "acces": null,
    "velo": null
   },
   "geometry": {
    "type": "LineString",
    "coordinates": [
     [
      6.1754041,
      42.9994638
     ],
     [
      6.1753491,
      42.9993273
     ],
     [
      6.1752807,
      42.9992294
     ]
    ]
   }
  },
  {
   "type": "Feature",
   "properties": {
    "osm_id": 1223710852,
    "nom": null,
    "type": "track",
    "sac_scale": null,
    "surface": null,
    "acces": null,
    "velo": null
   },
   "geometry": {
    "type": "LineString",
    "coordinates": [
     [
      6.2251055,
      43.0028786
     ],
     [
      6.2249566,
      43.0027739
     ],
     [
      6.2248113,
      43.0026849
     ],
     [
      6.2246235,
      43.0025348
     ],
     [
      6.2243224,
      43.0023715
     ],
     [
      6.2240353,
      43.00225
     ],
     [
      6.2239587,
      43.0021776
     ],
     [
      6.2239549,
      43.0021283
     ],
     [
      6.2239978,
      43.0020263
     ],
     [
      6.2240273,
      43.0018628
     ],
     [
      6.2240086,
      43.0017771
     ],
     [
      6.2238959,
      43.0016045
     ],
     [
      6.2237296,
      43.0013456
     ],
     [
      6.2235687,
      43.0012004
     ],
     [
      6.2232199,
      43.0010664
     ],
     [
      6.2228176,
      43.0009739
     ],
     [
      6.2225777,
      43.0009564
     ]
    ]
   }
  },
  {
   "type": "Feature",
   "properties": {
    "osm_id": 1223722653,
    "nom": null,
    "type": "track",
    "sac_scale": null,
    "surface": null,
    "acces": null,
    "velo": null
   },
   "geometry": {
    "type": "LineString",
    "coordinates": [
     [
      6.1972401,
      42.9961948
     ],
     [
      6.1969445,
      42.9960505
     ],
     [
      6.1965103,
      42.9959385
     ],
     [
      6.1958545,
      42.995704
     ],
     [
      6.1953703,
      42.9954681
     ]
    ]
   }
  },
  {
   "type": "Feature",
   "properties": {
    "osm_id": 1223722655,
    "nom": null,
    "type": "path",
    "sac_scale": null,
    "surface": null,
    "acces": null,
    "velo": null
   },
   "geometry": {
    "type": "LineString",
    "coordinates": [
     [
      6.1833202,
      42.9935087
     ],
     [
      6.1831972,
      42.9935343
     ]
    ]
   }
  },
  {
   "type": "Feature",
   "properties": {
    "osm_id": 1241654250,
    "nom": null,
    "type": "footway",
    "sac_scale": null,
    "surface": null,
    "acces": null,
    "velo": null
   },
   "geometry": {
    "type": "LineString",
    "coordinates": [
     [
      6.15731,
      43.0299408
     ],
     [
      6.1571977,
      43.0298943
     ],
     [
      6.157091,
      43.0298615
     ],
     [
      6.1569693,
      43.029845
     ],
     [
      6.1568495,
      43.0298473
     ]
    ]
   }
  },
  {
   "type": "Feature",
   "properties": {
    "osm_id": 1241654258,
    "nom": null,
    "type": "footway",
    "sac_scale": null,
    "surface": "asphalt",
    "acces": null,
    "velo": null
   },
   "geometry": {
    "type": "LineString",
    "coordinates": [
     [
      6.155213,
      43.0299326
     ],
     [
      6.1552242,
      43.0299858
     ]
    ]
   }
  },
  {
   "type": "Feature",
   "properties": {
    "osm_id": 1241654260,
    "nom": null,
    "type": "footway",
    "sac_scale": null,
    "surface": "asphalt",
    "acces": null,
    "velo": null
   },
   "geometry": {
    "type": "LineString",
    "coordinates": [
     [
      6.1552242,
      43.0299858
     ],
     [
      6.155233,
      43.0300277
     ]
    ]
   }
  },
  {
   "type": "Feature",
   "properties": {
    "osm_id": 1241654265,
    "nom": null,
    "type": "footway",
    "sac_scale": null,
    "surface": "asphalt",
    "acces": null,
    "velo": null
   },
   "geometry": {
    "type": "LineString",
    "coordinates": [
     [
      6.155213,
      43.0299326
     ],
     [
      6.1551529,
      43.0299274
     ],
     [
      6.1550688,
      43.0298675
     ],
     [
      6.1550582,
      43.0298267
     ],
     [
      6.1550505,
      43.0298045
     ],
     [
      6.1553436,
      43.0289833
     ],
     [
      6.1554094,
      43.0288155
     ]
    ]
   }
  },
  {
   "type": "Feature",
   "properties": {
    "osm_id": 1241654266,
    "nom": null,
    "type": "footway",
    "sac_scale": null,
    "surface": "asphalt",
    "acces": null,
    "velo": null
   },
   "geometry": {
    "type": "LineString",
    "coordinates": [
     [
      6.1549106,
      43.0297948
     ],
     [
      6.1549755,
      43.0297993
     ],
     [
      6.1550505,
      43.0298045
     ]
    ]
   }
  },
  {
   "type": "Feature",
   "properties": {
    "osm_id": 1241654267,
    "nom": null,
    "type": "footway",
    "sac_scale": null,
    "surface": "asphalt",
    "acces": null,
    "velo": null
   },
   "geometry": {
    "type": "LineString",
    "coordinates": [
     [
      6.1552094,
      43.0289615
     ],
     [
      6.1552357,
      43.0289647
     ],
     [
      6.1552969,
      43.0289697
     ],
     [
      6.1553436,
      43.0289833
     ]
    ]
   }
  },
  {
   "type": "Feature",
   "properties": {
    "osm_id": 1241654268,
    "nom": null,
    "type": "footway",
    "sac_scale": null,
    "surface": "asphalt",
    "acces": null,
    "velo": null
   },
   "geometry": {
    "type": "LineString",
    "coordinates": [
     [
      6.1554467,
      43.0287072
     ],
     [
      6.1555002,
      43.028572
     ],
     [
      6.1555516,
      43.0284422
     ],
     [
      6.1556195,
      43.0282708
     ],
     [
      6.1556308,
      43.0282421
     ],
     [
      6.1556931,
      43.0282463
     ],
     [
      6.155872,
      43.0282935
     ],
     [
      6.1560331,
      43.0283646
     ],
     [
      6.1561056,
      43.0283688
     ]
    ]
   }
  },
  {
   "type": "Feature",
   "properties": {
    "osm_id": 1241654269,
    "nom": null,
    "type": "footway",
    "sac_scale": null,
    "surface": "asphalt",
    "acces": null,
    "velo": null
   },
   "geometry": {
    "type": "LineString",
    "coordinates": [
     [
      6.1554094,
      43.0288155
     ],
     [
      6.1554202,
      43.0287924
     ],
     [
      6.1554345,
      43.0287422
     ],
     [
      6.1554467,
      43.0287072
     ]
    ]
   }
  },
  {
   "type": "Feature",
   "properties": {
    "osm_id": 1298512176,
    "nom": null,
    "type": "path",
    "sac_scale": "hiking",
    "surface": null,
    "acces": null,
    "velo": null
   },
   "geometry": {
    "type": "LineString",
    "coordinates": [
     [
      6.2153202,
      43.0062542
     ],
     [
      6.2153678,
      43.0061489
     ],
     [
      6.2154216,
      43.0060999
     ],
     [
      6.2156455,
      43.0059252
     ],
     [
      6.2156003,
      43.0057762
     ],
     [
      6.215604,
      43.0056102
     ],
     [
      6.2156479,
      43.0054797
     ],
     [
      6.2155358,
      43.005313
     ],
     [
      6.2154343,
      43.0051769
     ],
     [
      6.2153192,
      43.0050857
     ]
    ]
   }
  },
  {
   "type": "Feature",
   "properties": {
    "osm_id": 1323618234,
    "nom": null,
    "type": "footway",
    "sac_scale": null,
    "surface": "dirt",
    "acces": "customers",
    "velo": null
   },
   "geometry": {
    "type": "LineString",
    "coordinates": [
     [
      6.2108044,
      43.0012964
     ],
     [
      6.2107962,
      43.0011846
     ],
     [
      6.2108361,
      43.0011166
     ],
     [
      6.211164,
      43.0009918
     ],
     [
      6.211226,
      43.0009578
     ],
     [
      6.2115415,
      43.0006121
     ],
     [
      6.2119701,
      43.0001424
     ]
    ]
   }
  },
  {
   "type": "Feature",
   "properties": {
    "osm_id": 1323618235,
    "nom": null,
    "type": "footway",
    "sac_scale": null,
    "surface": "dirt",
    "acces": "customers",
    "velo": null
   },
   "geometry": {
    "type": "LineString",
    "coordinates": [
     [
      6.2107962,
      43.0011846
     ],
     [
      6.2106301,
      43.0011457
     ],
     [
      6.2104684,
      43.0010599
     ],
     [
      6.2104349,
      43.0010341
     ],
     [
      6.2102247,
      43.000872
     ],
     [
      6.2106808,
      43.0002817
     ],
     [
      6.210977,
      42.9998983
     ]
    ]
   }
  },
  {
   "type": "Feature",
   "properties": {
    "osm_id": 1323618236,
    "nom": null,
    "type": "footway",
    "sac_scale": null,
    "surface": "dirt",
    "acces": "customers",
    "velo": null
   },
   "geometry": {
    "type": "LineString",
    "coordinates": [
     [
      6.2104349,
      43.0010341
     ],
     [
      6.210475,
      43.0009983
     ],
     [
      6.210475,
      43.00094
     ],
     [
      6.2107032,
      43.0008298
     ],
     [
      6.2107829,
      43.0007083
     ],
     [
      6.2107453,
      43.0006435
     ],
     [
      6.2108095,
      43.0005641
     ],
     [
      6.2107674,
      43.0005334
     ],
     [
      6.2107985,
      43.0005026
     ],
     [
      6.2107918,
      43.0004362
     ],
     [
      6.2107652,
      43.0003633
     ],
     [
      6.2106808,
      43.0002817
     ]
    ]
   }
  },
  {
   "type": "Feature",
   "properties": {
    "osm_id": 1323618237,
    "nom": null,
    "type": "footway",
    "sac_scale": null,
    "surface": "dirt",
    "acces": "customers",
    "velo": null
   },
   "geometry": {
    "type": "LineString",
    "coordinates": [
     [
      6.2108095,
      43.0005641
     ],
     [
      6.2108627,
      43.0005609
     ],
     [
      6.2109159,
      43.0005188
     ],
     [
      6.2109845,
      43.000556
     ],
     [
      6.2112858,
      43.0005722
     ],
     [
      6.2115415,
      43.0006121
     ]
    ]
   }
  },
  {
   "type": "Feature",
   "properties": {
    "osm_id": 1323618238,
    "nom": null,
    "type": "footway",
    "sac_scale": null,
    "surface": "dirt",
    "acces": "customers",
    "velo": null
   },
   "geometry": {
    "type": "LineString",
    "coordinates": [
     [
      6.2107985,
      43.0005026
     ],
     [
      6.2109159,
      43.0005188
     ],
     [
      6.2112326,
      43.000279
     ],
     [
      6.2113367,
      43.0002288
     ],
     [
      6.2114386,
      43.0001883
     ],
     [
      6.2116007,
      43.0001092
     ]
    ]
   }
  },
  {
   "type": "Feature",
   "properties": {
    "osm_id": 1323618239,
    "nom": null,
    "type": "footway",
    "sac_scale": null,
    "surface": "dirt",
    "acces": null,
    "velo": null
   },
   "geometry": {
    "type": "LineString",
    "coordinates": [
     [
      6.2131268,
      42.9987418
     ],
     [
      6.2130491,
      42.9988096
     ],
     [
      6.2130446,
      42.9988938
     ],
     [
      6.2128143,
      42.999179
     ],
     [
      6.212575,
      42.9992551
     ]
    ]
   }
  },
  {
   "type": "Feature",
   "properties": {
    "osm_id": 1323618240,
    "nom": null,
    "type": "footway",
    "sac_scale": null,
    "surface": "concrete",
    "acces": "customers",
    "velo": null
   },
   "geometry": {
    "type": "LineString",
    "coordinates": [
     [
      6.211662,
      42.9995278
     ],
     [
      6.2116585,
      42.9995335
     ],
     [
      6.2117576,
      42.9995467
     ],
     [
      6.2116646,
      42.9995694
     ],
     [
      6.2116469,
      42.9995921
     ],
     [
      6.2116801,
      42.9996002
     ],
     [
      6.2118263,
      42.9995905
     ],
     [
      6.2119814,
      42.999537
     ],
     [
      6.2119858,
      42.9995597
     ],
     [
      6.2118795,
      42.9996164
     ],
     [
      6.21172,
      42.9996488
     ],
     [
      6.2116956,
      42.9996812
     ],
     [
      6.211875,
      42.9996763
     ],
     [
      6.2119836,
      42.9996796
     ],
     [
      6.211751,
      42.9997541
     ],
     [
      6.2117532,
      42.9997719
     ],
     [
      6.2119393,
      42.9997768
     ],
     [
      6.2120855,
      42.9997881
     ],
     [
      6.2121997,
      42.9999087
     ]
    ]
   }
  },
  {
   "type": "Feature",
   "properties": {
    "osm_id": 1323618241,
    "nom": null,
    "type": "footway",
    "sac_scale": null,
    "surface": "dirt",
    "acces": "customers",
    "velo": null
   },
   "geometry": {
    "type": "LineString",
    "coordinates": [
     [
      6.2117303,
      43.0000795
     ],
     [
      6.2118504,
      43.0000358
     ],
     [
      6.2121997,
      42.9999087
     ],
     [
      6.2123247,
      42.9998708
     ],
     [
      6.2122117,
      42.9996018
     ],
     [
      6.212575,
      42.9992551
     ]
    ]
   }
  },
  {
   "type": "Feature",
   "properties": {
    "osm_id": 1327841129,
    "nom": null,
    "type": "path",
    "sac_scale": "mountain_hiking",
    "surface": "dirt",
    "acces": null,
    "velo": null
   },
   "geometry": {
    "type": "LineString",
    "coordinates": [
     [
      6.1654547,
      43.0001055
     ],
     [
      6.1653525,
      43.00006
     ],
     [
      6.1651218,
      43.00001
     ],
     [
      6.164875,
      42.9999139
     ],
     [
      6.1647986,
      42.9998756
     ],
     [
      6.1647584,
      42.9998344
     ],
     [
      6.1647365,
      42.9997732
     ],
     [
      6.1646649,
      42.9997312
     ]
    ]
   }
  },
  {
   "type": "Feature",
   "properties": {
    "osm_id": 1328143362,
    "nom": null,
    "type": "path",
    "sac_scale": null,
    "surface": null,
    "acces": null,
    "velo": null
   },
   "geometry": {
    "type": "LineString",
    "coordinates": [
     [
      6.213609,
      42.9978546
     ],
     [
      6.2134957,
      42.9979154
     ],
     [
      6.2134171,
      42.9979783
     ],
     [
      6.2133204,
      42.9980424
     ],
     [
      6.2131961,
      42.9981093
     ]
    ]
   }
  },
  {
   "type": "Feature",
   "properties": {
    "osm_id": 1328143363,
    "nom": null,
    "type": "path",
    "sac_scale": null,
    "surface": "dirt",
    "acces": null,
    "velo": null
   },
   "geometry": {
    "type": "LineString",
    "coordinates": [
     [
      6.2112455,
      42.9984203
     ],
     [
      6.2112694,
      42.9983743
     ],
     [
      6.2113115,
      42.998282
     ],
     [
      6.2115529,
      42.99806
     ],
     [
      6.2117324,
      42.9979353
     ],
     [
      6.2118697,
      42.9978688
     ],
     [
      6.2120735,
      42.997817
     ],
     [
      6.2122529,
      42.9977781
     ],
     [
      6.2125636,
      42.9977742
     ]
    ]
   }
  },
  {
   "type": "Feature",
   "properties": {
    "osm_id": 1328143364,
    "nom": null,
    "type": "path",
    "sac_scale": null,
    "surface": "dirt",
    "acces": null,
    "velo": null
   },
   "geometry": {
    "type": "LineString",
    "coordinates": [
     [
      6.2120735,
      42.997817
     ],
     [
      6.2119952,
      42.9981132
     ],
     [
      6.2118317,
      42.9987318
     ],
     [
      6.2118304,
      42.9987366
     ]
    ]
   }
  },
  {
   "type": "Feature",
   "properties": {
    "osm_id": 1328144099,
    "nom": null,
    "type": "path",
    "sac_scale": null,
    "surface": "dirt",
    "acces": null,
    "velo": null
   },
   "geometry": {
    "type": "LineString",
    "coordinates": [
     [
      6.2118317,
      42.9987318
     ],
     [
      6.2122257,
      42.9986122
     ],
     [
      6.2122881,
      42.9982526
     ],
     [
      6.2119952,
      42.9981132
     ]
    ]
   }
  },
  {
   "type": "Feature",
   "properties": {
    "osm_id": 1329335056,
    "nom": null,
    "type": "path",
    "sac_scale": null,
    "surface": "asphalt",
    "acces": null,
    "velo": null
   },
   "geometry": {
    "type": "LineString",
    "coordinates": [
     [
      6.202005,
      42.9995473
     ],
     [
      6.2022485,
      42.9995118
     ],
     [
      6.2022589,
      42.9995648
     ]
    ]
   }
  },
  {
   "type": "Feature",
   "properties": {
    "osm_id": 1329343885,
    "nom": null,
    "type": "path",
    "sac_scale": null,
    "surface": "compacted",
    "acces": null,
    "velo": null
   },
   "geometry": {
    "type": "LineString",
    "coordinates": [
     [
      6.2019787,
      42.9992161
     ],
     [
      6.2019106,
      42.9992267
     ],
     [
      6.2015123,
      42.9992655
     ],
     [
      6.2013697,
      42.9992795
     ],
     [
      6.2013393,
      42.9991391
     ],
     [
      6.2012722,
      42.9988292
     ],
     [
      6.2012358,
      42.9986039
     ],
     [
      6.2008481,
      42.9986323
     ],
     [
      6.2008769,
      42.9988526
     ],
     [
      6.2009423,
      42.9988931
     ],
     [
      6.2009423,
      42.9991434
     ],
     [
      6.2009677,
      42.9991752
     ],
     [
      6.2010796,
      42.9993152
     ],
     [
      6.2008891,
      42.9993468
     ],
     [
      6.2008957,
      42.9993759
     ],
     [
      6.2012346,
      42.9993497
     ],
     [
      6.2015237,
      42.9993273
     ],
     [
      6.2015123,
      42.9992655
     ]
    ]
   }
  },
  {
   "type": "Feature",
   "properties": {
    "osm_id": 1329343886,
    "nom": null,
    "type": "path",
    "sac_scale": null,
    "surface": "compacted",
    "acces": null,
    "velo": null
   },
   "geometry": {
    "type": "LineString",
    "coordinates": [
     [
      6.2010796,
      42.9993152
     ],
     [
      6.2012277,
      42.9992969
     ],
     [
      6.2013697,
      42.9992795
     ]
    ]
   }
  },
  {
   "type": "Feature",
   "properties": {
    "osm_id": 1329343887,
    "nom": null,
    "type": "path",
    "sac_scale": null,
    "surface": "compacted",
    "acces": null,
    "velo": null
   },
   "geometry": {
    "type": "LineString",
    "coordinates": [
     [
      6.2012346,
      42.9993497
     ],
     [
      6.2012277,
      42.9992969
     ]
    ]
   }
  },
  {
   "type": "Feature",
   "properties": {
    "osm_id": 1329343888,
    "nom": null,
    "type": "path",
    "sac_scale": null,
    "surface": "compacted",
    "acces": null,
    "velo": null
   },
   "geometry": {
    "type": "LineString",
    "coordinates": [
     [
      6.2009677,
      42.9991752
     ],
     [
      6.2010685,
      42.9991475
     ],
     [
      6.2011782,
      42.9991556
     ],
     [
      6.2013393,
      42.9991391
     ]
    ]
   }
  },
  {
   "type": "Feature",
   "properties": {
    "osm_id": 1330424253,
    "nom": null,
    "type": "path",
    "sac_scale": null,
    "surface": null,
    "acces": null,
    "velo": null
   },
   "geometry": {
    "type": "LineString",
    "coordinates": [
     [
      6.2109464,
      42.9983573
     ],
     [
      6.210843,
      42.9982148
     ],
     [
      6.2108627,
      42.998163
     ],
     [
      6.2108647,
      42.9981385
     ]
    ]
   }
  },
  {
   "type": "Feature",
   "properties": {
    "osm_id": 1330837172,
    "nom": null,
    "type": "path",
    "sac_scale": null,
    "surface": "paving_stones",
    "acces": "no",
    "velo": null
   },
   "geometry": {
    "type": "LineString",
    "coordinates": [
     [
      6.2020708,
      43.0000085
     ],
     [
      6.2021233,
      43.0002571
     ],
     [
      6.2023349,
      43.0002383
     ]
    ]
   }
  },
  {
   "type": "Feature",
   "properties": {
    "osm_id": 1330892644,
    "nom": null,
    "type": "footway",
    "sac_scale": null,
    "surface": "dirt",
    "acces": null,
    "velo": null
   },
   "geometry": {
    "type": "LineString",
    "coordinates": [
     [
      6.2123247,
      42.9998708
     ],
     [
      6.2126238,
      42.999581
     ],
     [
      6.2128032,
      42.9993332
     ],
     [
      6.2128143,
      42.999179
     ]
    ]
   }
  },
  {
   "type": "Feature",
   "properties": {
    "osm_id": 1331668821,
    "nom": null,
    "type": "path",
    "sac_scale": null,
    "surface": null,
    "acces": null,
    "velo": null
   },
   "geometry": {
    "type": "LineString",
    "coordinates": [
     [
      6.202338,
      42.9994791
     ],
     [
      6.2022984,
      42.9994809
     ]
    ]
   }
  },
  {
   "type": "Feature",
   "properties": {
    "osm_id": 1331668822,
    "nom": null,
    "type": "path",
    "sac_scale": null,
    "surface": null,
    "acces": null,
    "velo": null
   },
   "geometry": {
    "type": "LineString",
    "coordinates": [
     [
      6.2022984,
      42.9994809
     ],
     [
      6.2022589,
      42.9994828
     ]
    ]
   }
  },
  {
   "type": "Feature",
   "properties": {
    "osm_id": 1331668823,
    "nom": null,
    "type": "path",
    "sac_scale": null,
    "surface": null,
    "acces": null,
    "velo": null
   },
   "geometry": {
    "type": "LineString",
    "coordinates": [
     [
      6.202364,
      42.9994779
     ],
     [
      6.202338,
      42.9994791
     ]
    ]
   }
  },
  {
   "type": "Feature",
   "properties": {
    "osm_id": 1334809383,
    "nom": null,
    "type": "path",
    "sac_scale": null,
    "surface": "dirt",
    "acces": null,
    "velo": null
   },
   "geometry": {
    "type": "LineString",
    "coordinates": [
     [
      6.1942912,
      43.0015984
     ],
     [
      6.1943149,
      43.0015128
     ],
     [
      6.1943668,
      43.0014523
     ],
     [
      6.1944528,
      43.0014167
     ],
     [
      6.1946087,
      43.0014499
     ],
     [
      6.1947468,
      43.0015307
     ],
     [
      6.1949556,
      43.0016246
     ],
     [
      6.1949416,
      43.0016981
     ],
     [
      6.1949205,
      43.0018596
     ],
     [
      6.1950504,
      43.0019523
     ]
    ]
   }
  },
  {
   "type": "Feature",
   "properties": {
    "osm_id": 1335710029,
    "nom": null,
    "type": "track",
    "sac_scale": null,
    "surface": null,
    "acces": null,
    "velo": null
   },
   "geometry": {
    "type": "LineString",
    "coordinates": [
     [
      6.2014537,
      42.9957846
     ],
     [
      6.2009257,
      42.9954481
     ],
     [
      6.200835,
      42.9953751
     ],
     [
      6.2007776,
      42.9953077
     ],
     [
      6.2007595,
      42.9952646
     ],
     [
      6.200764,
      42.9951773
     ]
    ]
   }
  },
  {
   "type": "Feature",
   "properties": {
    "osm_id": 1336409684,
    "nom": null,
    "type": "steps",
    "sac_scale": null,
    "surface": "concrete",
    "acces": null,
    "velo": null
   },
   "geometry": {
    "type": "LineString",
    "coordinates": [
     [
      6.1955594,
      42.9966185
     ],
     [
      6.1955345,
      42.9966042
     ]
    ]
   }
  },
  {
   "type": "Feature",
   "properties": {
    "osm_id": 1336409685,
    "nom": null,
    "type": "path",
    "sac_scale": null,
    "surface": null,
    "acces": null,
    "velo": null
   },
   "geometry": {
    "type": "LineString",
    "coordinates": [
     [
      6.1955594,
      42.9966185
     ],
     [
      6.1956016,
      42.996615
     ]
    ]
   }
  },
  {
   "type": "Feature",
   "properties": {
    "osm_id": 1336409686,
    "nom": null,
    "type": "path",
    "sac_scale": null,
    "surface": null,
    "acces": null,
    "velo": null
   },
   "geometry": {
    "type": "LineString",
    "coordinates": [
     [
      6.1955345,
      42.9966042
     ],
     [
      6.1955199,
      42.9965972
     ],
     [
      6.1955092,
      42.9966069
     ]
    ]
   }
  },
  {
   "type": "Feature",
   "properties": {
    "osm_id": 1336409687,
    "nom": null,
    "type": "steps",
    "sac_scale": null,
    "surface": "concrete",
    "acces": null,
    "velo": null
   },
   "geometry": {
    "type": "LineString",
    "coordinates": [
     [
      6.1955092,
      42.9966069
     ],
     [
      6.1954686,
      42.9966441
     ],
     [
      6.1954014,
      42.9966509
     ]
    ]
   }
  },
  {
   "type": "Feature",
   "properties": {
    "osm_id": 1336409688,
    "nom": null,
    "type": "path",
    "sac_scale": null,
    "surface": null,
    "acces": null,
    "velo": null
   },
   "geometry": {
    "type": "LineString",
    "coordinates": [
     [
      6.1955199,
      42.9965972
     ],
     [
      6.1955314,
      42.9965866
     ]
    ]
   }
  },
  {
   "type": "Feature",
   "properties": {
    "osm_id": 1336409689,
    "nom": null,
    "type": "steps",
    "sac_scale": null,
    "surface": "concrete",
    "acces": null,
    "velo": null
   },
   "geometry": {
    "type": "LineString",
    "coordinates": [
     [
      6.1955314,
      42.9965866
     ],
     [
      6.1955772,
      42.996545
     ],
     [
      6.195573,
      42.9965065
     ]
    ]
   }
  },
  {
   "type": "Feature",
   "properties": {
    "osm_id": 1336409690,
    "nom": null,
    "type": "path",
    "sac_scale": null,
    "surface": null,
    "acces": null,
    "velo": null
   },
   "geometry": {
    "type": "LineString",
    "coordinates": [
     [
      6.195573,
      42.9965065
     ],
     [
      6.1960416,
      42.9964646
     ]
    ]
   }
  },
  {
   "type": "Feature",
   "properties": {
    "osm_id": 1336409691,
    "nom": null,
    "type": "path",
    "sac_scale": null,
    "surface": null,
    "acces": null,
    "velo": null
   },
   "geometry": {
    "type": "LineString",
    "coordinates": [
     [
      6.1954014,
      42.9966509
     ],
     [
      6.1954329,
      42.9969082
     ]
    ]
   }
  },
  {
   "type": "Feature",
   "properties": {
    "osm_id": 1337652945,
    "nom": null,
    "type": "footway",
    "sac_scale": null,
    "surface": null,
    "acces": null,
    "velo": null
   },
   "geometry": {
    "type": "LineString",
    "coordinates": [
     [
      6.2024286,
      42.9996172
     ],
     [
      6.2024065,
      42.9994979
     ],
     [
      6.2024083,
      42.9994694
     ],
     [
      6.202418,
      42.9994696
     ],
     [
      6.2024315,
      42.9994716
     ]
    ]
   }
  },
  {
   "type": "Feature",
   "properties": {
    "osm_id": 1337652946,
    "nom": null,
    "type": "footway",
    "sac_scale": null,
    "surface": "concrete",
    "acces": null,
    "velo": null
   },
   "geometry": {
    "type": "LineString",
    "coordinates": [
     [
      6.2023875,
      42.9996221
     ],
     [
      6.2024286,
      42.9996172
     ]
    ]
   }
  },
  {
   "type": "Feature",
   "properties": {
    "osm_id": 1346843936,
    "nom": null,
    "type": "footway",
    "sac_scale": null,
    "surface": "concrete",
    "acces": null,
    "velo": null
   },
   "geometry": {
    "type": "LineString",
    "coordinates": [
     [
      6.15571,
      43.0280311
     ],
     [
      6.1557099,
      43.0280075
     ],
     [
      6.1558174,
      43.0279199
     ]
    ]
   }
  },
  {
   "type": "Feature",
   "properties": {
    "osm_id": 1346845635,
    "nom": null,
    "type": "footway",
    "sac_scale": null,
    "surface": "asphalt",
    "acces": null,
    "velo": null
   },
   "geometry": {
    "type": "LineString",
    "coordinates": [
     [
      6.1554766,
      43.0284281
     ],
     [
      6.1555363,
      43.0282597
     ],
     [
      6.1556251,
      43.0280265
     ],
     [
      6.1556218,
      43.0280084
     ]
    ]
   }
  },
  {
   "type": "Feature",
   "properties": {
    "osm_id": 1346845636,
    "nom": null,
    "type": "footway",
    "sac_scale": null,
    "surface": "asphalt",
    "acces": null,
    "velo": null
   },
   "geometry": {
    "type": "LineString",
    "coordinates": [
     [
      6.1556481,
      43.0281978
     ],
     [
      6.15571,
      43.0280311
     ]
    ]
   }
  },
  {
   "type": "Feature",
   "properties": {
    "osm_id": 1346845637,
    "nom": null,
    "type": "footway",
    "sac_scale": null,
    "surface": "asphalt",
    "acces": null,
    "velo": null
   },
   "geometry": {
    "type": "LineString",
    "coordinates": [
     [
      6.1556308,
      43.0282421
     ],
     [
      6.155644,
      43.0282088
     ],
     [
      6.1556481,
      43.0281978
     ]
    ]
   }
  },
  {
   "type": "Feature",
   "properties": {
    "osm_id": 1346845638,
    "nom": null,
    "type": "footway",
    "sac_scale": null,
    "surface": "asphalt",
    "acces": null,
    "velo": null
   },
   "geometry": {
    "type": "LineString",
    "coordinates": [
     [
      6.1555363,
      43.0282597
     ],
     [
      6.1555868,
      43.0282661
     ],
     [
      6.1556195,
      43.0282708
     ]
    ]
   }
  },
  {
   "type": "Feature",
   "properties": {
    "osm_id": 1346845644,
    "nom": null,
    "type": "footway",
    "sac_scale": null,
    "surface": "asphalt",
    "acces": null,
    "velo": null
   },
   "geometry": {
    "type": "LineString",
    "coordinates": [
     [
      6.1547263,
      43.028584
     ],
     [
      6.1547643,
      43.0285205
     ],
     [
      6.1550485,
      43.0280457
     ],
     [
      6.1550706,
      43.0280029
     ],
     [
      6.1550488,
      43.0279907
     ]
    ]
   }
  },
  {
   "type": "Feature",
   "properties": {
    "osm_id": 1346845645,
    "nom": null,
    "type": "footway",
    "sac_scale": null,
    "surface": "asphalt",
    "acces": null,
    "velo": null
   },
   "geometry": {
    "type": "LineString",
    "coordinates": [
     [
      6.1556218,
      43.0280084
     ],
     [
      6.1556663,
      43.0280064
     ],
     [
      6.1557099,
      43.0280075
     ]
    ]
   }
  },
  {
   "type": "Feature",
   "properties": {
    "osm_id": 1346845646,
    "nom": null,
    "type": "footway",
    "sac_scale": null,
    "surface": "asphalt",
    "acces": null,
    "velo": null
   },
   "geometry": {
    "type": "LineString",
    "coordinates": [
     [
      6.1556663,
      43.0280064
     ],
     [
      6.15571,
      43.0280311
     ]
    ]
   }
  },
  {
   "type": "Feature",
   "properties": {
    "osm_id": 1346846412,
    "nom": null,
    "type": "footway",
    "sac_scale": null,
    "surface": "asphalt",
    "acces": null,
    "velo": null
   },
   "geometry": {
    "type": "LineString",
    "coordinates": [
     [
      6.1554766,
      43.0284281
     ],
     [
      6.1555142,
      43.0284356
     ],
     [
      6.1555516,
      43.0284422
     ]
    ]
   }
  },
  {
   "type": "Feature",
   "properties": {
    "osm_id": 1346846416,
    "nom": null,
    "type": "footway",
    "sac_scale": null,
    "surface": "asphalt",
    "acces": null,
    "velo": null
   },
   "geometry": {
    "type": "LineString",
    "coordinates": [
     [
      6.1552094,
      43.0289615
     ],
     [
      6.1551943,
      43.0289289
     ],
     [
      6.1551741,
      43.028891
     ],
     [
      6.1551463,
      43.0288574
     ],
     [
      6.1551156,
      43.0288384
     ],
     [
      6.1550475,
      43.0288062
     ],
     [
      6.1549775,
      43.0287845
     ],
     [
      6.1549382,
      43.0287739
     ],
     [
      6.1548606,
      43.0287606
     ],
     [
      6.1548021,
      43.0287599
     ]
    ]
   }
  },
  {
   "type": "Feature",
   "properties": {
    "osm_id": 1347042148,
    "nom": null,
    "type": "footway",
    "sac_scale": null,
    "surface": "asphalt",
    "acces": null,
    "velo": null
   },
   "geometry": {
    "type": "LineString",
    "coordinates": [
     [
      6.1550488,
      43.0279907
     ],
     [
      6.1550269,
      43.0279786
     ],
     [
      6.1550078,
      43.027968
     ]
    ]
   }
  },
  {
   "type": "Feature",
   "properties": {
    "osm_id": 1347042150,
    "nom": null,
    "type": "footway",
    "sac_scale": null,
    "surface": "asphalt",
    "acces": null,
    "velo": null
   },
   "geometry": {
    "type": "LineString",
    "coordinates": [
     [
      6.1550078,
      43.027968
     ],
     [
      6.1549924,
      43.0279565
     ]
    ]
   }
  },
  {
   "type": "Feature",
   "properties": {
    "osm_id": 1347042151,
    "nom": null,
    "type": "path",
    "sac_scale": null,
    "surface": "wood",
    "acces": null,
    "velo": null
   },
   "geometry": {
    "type": "LineString",
    "coordinates": [
     [
      6.1552338,
      43.0276387
     ],
     [
      6.1552492,
      43.0276198
     ],
     [
      6.1552439,
      43.0275732
     ],
     [
      6.1552982,
      43.0275164
     ]
    ]
   }
  },
  {
   "type": "Feature",
   "properties": {
    "osm_id": 1347042152,
    "nom": null,
    "type": "path",
    "sac_scale": null,
    "surface": "concrete",
    "acces": null,
    "velo": null
   },
   "geometry": {
    "type": "LineString",
    "coordinates": [
     [
      6.1552205,
      43.0276699
     ],
     [
      6.1552338,
      43.0276387
     ]
    ]
   }
  },
  {
   "type": "Feature",
   "properties": {
    "osm_id": 1347348930,
    "nom": null,
    "type": "path",
    "sac_scale": null,
    "surface": "concrete",
    "acces": null,
    "velo": null
   },
   "geometry": {
    "type": "LineString",
    "coordinates": [
     [
      6.1558743,
      43.0281979
     ],
     [
      6.1559259,
      43.02818
     ],
     [
      6.1560182,
      43.0281568
     ],
     [
      6.1560419,
      43.0281509
     ]
    ]
   }
  },
  {
   "type": "Feature",
   "properties": {
    "osm_id": 1347348931,
    "nom": null,
    "type": "path",
    "sac_scale": null,
    "surface": "ground",
    "acces": null,
    "velo": null
   },
   "geometry": {
    "type": "LineString",
    "coordinates": [
     [
      6.1564905,
      43.0283005
     ],
     [
      6.1564132,
      43.0283178
     ],
     [
      6.1563008,
      43.0283132
     ],
     [
      6.1562023,
      43.0282749
     ],
     [
      6.1560737,
      43.0282211
     ],
     [
      6.1560182,
      43.0281568
     ]
    ]
   }
  },
  {
   "type": "Feature",
   "properties": {
    "osm_id": 1347348932,
    "nom": null,
    "type": "path",
    "sac_scale": null,
    "surface": "unpaved",
    "acces": null,
    "velo": null
   },
   "geometry": {
    "type": "LineString",
    "coordinates": [
     [
      6.1565348,
      43.0284931
     ],
     [
      6.1565142,
      43.0284045
     ]
    ]
   }
  },
  {
   "type": "Feature",
   "properties": {
    "osm_id": 1347348933,
    "nom": null,
    "type": "steps",
    "sac_scale": null,
    "surface": null,
    "acces": "no",
    "velo": null
   },
   "geometry": {
    "type": "LineString",
    "coordinates": [
     [
      6.1565142,
      43.0284045
     ],
     [
      6.1564905,
      43.0283005
     ]
    ]
   }
  },
  {
   "type": "Feature",
   "properties": {
    "osm_id": 1348312059,
    "nom": null,
    "type": "footway",
    "sac_scale": null,
    "surface": "concrete",
    "acces": null,
    "velo": null
   },
   "geometry": {
    "type": "LineString",
    "coordinates": [
     [
      6.202068,
      43.0011124
     ],
     [
      6.2020372,
      43.0010725
     ],
     [
      6.2019467,
      43.0010003
     ],
     [
      6.2015954,
      43.0008054
     ],
     [
      6.2013725,
      43.0007074
     ],
     [
      6.2014307,
      43.0006113
     ],
     [
      6.2014462,
      43.0005255
     ],
     [
      6.2014395,
      43.0003359
     ],
     [
      6.2013858,
      43.0001286
     ],
     [
      6.2013761,
      43.0000912
     ]
    ]
   }
  },
  {
   "type": "Feature",
   "properties": {
    "osm_id": 1348312060,
    "nom": null,
    "type": "footway",
    "sac_scale": null,
    "surface": "wood",
    "acces": null,
    "velo": null
   },
   "geometry": {
    "type": "LineString",
    "coordinates": [
     [
      6.2020993,
      43.0011527
     ],
     [
      6.202068,
      43.0011124
     ]
    ]
   }
  },
  {
   "type": "Feature",
   "properties": {
    "osm_id": 1383735119,
    "nom": null,
    "type": "path",
    "sac_scale": null,
    "surface": null,
    "acces": null,
    "velo": null
   },
   "geometry": {
    "type": "LineString",
    "coordinates": [
     [
      6.2411162,
      43.0250609
     ],
     [
      6.2411424,
      43.0251678
     ],
     [
      6.2410448,
      43.0252319
     ]
    ]
   }
  },
  {
   "type": "Feature",
   "properties": {
    "osm_id": 1383735120,
    "nom": null,
    "type": "path",
    "sac_scale": null,
    "surface": null,
    "acces": null,
    "velo": null
   },
   "geometry": {
    "type": "LineString",
    "coordinates": [
     [
      6.2406961,
      43.0245686
     ],
     [
      6.2407773,
      43.0245686
     ],
     [
      6.2407968,
      43.0245731
     ],
     [
      6.2408605,
      43.0245951
     ],
     [
      6.2409074,
      43.024619
     ],
     [
      6.2412521,
      43.0249431
     ]
    ]
   }
  },
  {
   "type": "Feature",
   "properties": {
    "osm_id": 1383735121,
    "nom": null,
    "type": "path",
    "sac_scale": "hiking",
    "surface": null,
    "acces": null,
    "velo": null
   },
   "geometry": {
    "type": "LineString",
    "coordinates": [
     [
      6.240709,
      43.0246442
     ],
     [
      6.2410444,
      43.0248649
     ],
     [
      6.2412147,
      43.0249335
     ],
     [
      6.2412521,
      43.0249431
     ]
    ]
   }
  },
  {
   "type": "Feature",
   "properties": {
    "osm_id": 1383735123,
    "nom": null,
    "type": "footway",
    "sac_scale": null,
    "surface": null,
    "acces": null,
    "velo": null
   },
   "geometry": {
    "type": "LineString",
    "coordinates": [
     [
      6.2414122,
      43.0249928
     ],
     [
      6.241366,
      43.0248847
     ],
     [
      6.2413324,
      43.0248446
     ],
     [
      6.2409908,
      43.0245535
     ],
     [
      6.2409696,
      43.0245522
     ],
     [
      6.2408832,
      43.0245596
     ],
     [
      6.2407773,
      43.0245686
     ]
    ]
   }
  },
  {
   "type": "Feature",
   "properties": {
    "osm_id": 1383735124,
    "nom": null,
    "type": "steps",
    "sac_scale": null,
    "surface": null,
    "acces": null,
    "velo": null
   },
   "geometry": {
    "type": "LineString",
    "coordinates": [
     [
      6.241366,
      43.0248847
     ],
     [
      6.2413377,
      43.0248782
     ],
     [
      6.2413182,
      43.0248524
     ]
    ]
   }
  },
  {
   "type": "Feature",
   "properties": {
    "osm_id": 1383735125,
    "nom": null,
    "type": "footway",
    "sac_scale": null,
    "surface": null,
    "acces": null,
    "velo": null
   },
   "geometry": {
    "type": "LineString",
    "coordinates": [
     [
      6.2413182,
      43.0248524
     ],
     [
      6.2409767,
      43.0245665
     ]
    ]
   }
  },
  {
   "type": "Feature",
   "properties": {
    "osm_id": 1383735126,
    "nom": null,
    "type": "steps",
    "sac_scale": null,
    "surface": null,
    "acces": null,
    "velo": null
   },
   "geometry": {
    "type": "LineString",
    "coordinates": [
     [
      6.2409767,
      43.0245665
     ],
     [
      6.240913,
      43.0245755
     ]
    ]
   }
  },
  {
   "type": "Feature",
   "properties": {
    "osm_id": 1383735127,
    "nom": null,
    "type": "footway",
    "sac_scale": null,
    "surface": null,
    "acces": null,
    "velo": null
   },
   "geometry": {
    "type": "LineString",
    "coordinates": [
     [
      6.240913,
      43.0245755
     ],
     [
      6.2408832,
      43.0245596
     ]
    ]
   }
  },
  {
   "type": "Feature",
   "properties": {
    "osm_id": 1383735131,
    "nom": null,
    "type": "steps",
    "sac_scale": null,
    "surface": null,
    "acces": null,
    "velo": null
   },
   "geometry": {
    "type": "LineString",
    "coordinates": [
     [
      6.1640757,
      42.998897
     ],
     [
      6.1641655,
      42.9988813
     ]
    ]
   }
  },
  {
   "type": "Feature",
   "properties": {
    "osm_id": 1383735132,
    "nom": null,
    "type": "footway",
    "sac_scale": null,
    "surface": null,
    "acces": null,
    "velo": null
   },
   "geometry": {
    "type": "LineString",
    "coordinates": [
     [
      6.1640109,
      42.9988991
     ],
     [
      6.1640757,
      42.998897
     ]
    ]
   }
  },
  {
   "type": "Feature",
   "properties": {
    "osm_id": 1383735133,
    "nom": null,
    "type": "footway",
    "sac_scale": null,
    "surface": null,
    "acces": null,
    "velo": null
   },
   "geometry": {
    "type": "LineString",
    "coordinates": [
     [
      6.1641655,
      42.9988813
     ],
     [
      6.1641669,
      42.9988666
     ],
     [
      6.1641964,
      42.9988673
     ],
     [
      6.1642507,
      42.9988712
     ]
    ]
   }
  },
  {
   "type": "Feature",
   "properties": {
    "osm_id": 1383735134,
    "nom": null,
    "type": "footway",
    "sac_scale": null,
    "surface": null,
    "acces": null,
    "velo": null
   },
   "geometry": {
    "type": "LineString",
    "coordinates": [
     [
      6.164284,
      42.9988309
     ],
     [
      6.1642565,
      42.9988287
     ],
     [
      6.1642507,
      42.9988712
     ],
     [
      6.1642321,
      42.9990071
     ],
     [
      6.1644649,
      42.9990257
     ],
     [
      6.1644883,
      42.9988956
     ]
    ]
   }
  },
  {
   "type": "Feature",
   "properties": {
    "osm_id": 1386054456,
    "nom": null,
    "type": "footway",
    "sac_scale": null,
    "surface": null,
    "acces": null,
    "velo": null
   },
   "geometry": {
    "type": "LineString",
    "coordinates": [
     [
      6.2014764,
      43.0017779
     ],
     [
      6.2019559,
      43.0024807
     ],
     [
      6.2019775,
      43.0025123
     ]
    ]
   }
  },
  {
   "type": "Feature",
   "properties": {
    "osm_id": 1386054457,
    "nom": null,
    "type": "footway",
    "sac_scale": null,
    "surface": null,
    "acces": null,
    "velo": null
   },
   "geometry": {
    "type": "LineString",
    "coordinates": [
     [
      6.2021715,
      43.0020555
     ],
     [
      6.2028216,
      43.0020527
     ]
    ]
   }
  },
  {
   "type": "Feature",
   "properties": {
    "osm_id": 1386054458,
    "nom": null,
    "type": "footway",
    "sac_scale": null,
    "surface": null,
    "acces": null,
    "velo": null
   },
   "geometry": {
    "type": "LineString",
    "coordinates": [
     [
      6.2022568,
      43.0018366
     ],
     [
      6.202824,
      43.0018773
     ]
    ]
   }
  },
  {
   "type": "Feature",
   "properties": {
    "osm_id": 1386054459,
    "nom": null,
    "type": "footway",
    "sac_scale": null,
    "surface": null,
    "acces": null,
    "velo": null
   },
   "geometry": {
    "type": "LineString",
    "coordinates": [
     [
      6.2020719,
      43.0016387
     ],
     [
      6.2027143,
      43.0016828
     ]
    ]
   }
  },
  {
   "type": "Feature",
   "properties": {
    "osm_id": 1386054460,
    "nom": null,
    "type": "footway",
    "sac_scale": null,
    "surface": null,
    "acces": null,
    "velo": null
   },
   "geometry": {
    "type": "LineString",
    "coordinates": [
     [
      6.2019165,
      43.0013353
     ],
     [
      6.2020881,
      43.0011826
     ]
    ]
   }
  },
  {
   "type": "Feature",
   "properties": {
    "osm_id": 1386054461,
    "nom": null,
    "type": "footway",
    "sac_scale": null,
    "surface": "wood",
    "acces": null,
    "velo": null
   },
   "geometry": {
    "type": "LineString",
    "coordinates": [
     [
      6.2005408,
      43.0025177
     ],
     [
      6.2001425,
      43.0019354
     ]
    ]
   }
  },
  {
   "type": "Feature",
   "properties": {
    "osm_id": 1386054462,
    "nom": null,
    "type": "footway",
    "sac_scale": null,
    "surface": "wood",
    "acces": null,
    "velo": null
   },
   "geometry": {
    "type": "LineString",
    "coordinates": [
     [
      6.1994168,
      43.0019798
     ],
     [
      6.1999513,
      43.0027361
     ]
    ]
   }
  },
  {
   "type": "Feature",
   "properties": {
    "osm_id": 1386054463,
    "nom": null,
    "type": "footway",
    "sac_scale": null,
    "surface": null,
    "acces": null,
    "velo": null
   },
   "geometry": {
    "type": "LineString",
    "coordinates": [
     [
      6.2000236,
      43.0027424
     ],
     [
      6.2005593,
      43.0025458
     ]
    ]
   }
  },
  {
   "type": "Feature",
   "properties": {
    "osm_id": 1386054464,
    "nom": null,
    "type": "footway",
    "sac_scale": null,
    "surface": null,
    "acces": null,
    "velo": null
   },
   "geometry": {
    "type": "LineString",
    "coordinates": [
     [
      6.2016001,
      43.0026535
     ],
     [
      6.2021066,
      43.0033808
     ]
    ]
   }
  },
  {
   "type": "Feature",
   "properties": {
    "osm_id": 1386054465,
    "nom": null,
    "type": "footway",
    "sac_scale": null,
    "surface": null,
    "acces": null,
    "velo": null
   },
   "geometry": {
    "type": "LineString",
    "coordinates": [
     [
      6.2001815,
      43.0009745
     ],
     [
      6.2002421,
      43.0004824
     ]
    ]
   }
  },
  {
   "type": "Feature",
   "properties": {
    "osm_id": 1386054466,
    "nom": null,
    "type": "footway",
    "sac_scale": null,
    "surface": null,
    "acces": null,
    "velo": null
   },
   "geometry": {
    "type": "LineString",
    "coordinates": [
     [
      6.2025663,
      43.0032105
     ],
     [
      6.2020663,
      43.0024792
     ]
    ]
   }
  },
  {
   "type": "Feature",
   "properties": {
    "osm_id": 1386054467,
    "nom": null,
    "type": "footway",
    "sac_scale": null,
    "surface": null,
    "acces": null,
    "velo": null
   },
   "geometry": {
    "type": "LineString",
    "coordinates": [
     [
      6.2029111,
      43.0030762
     ],
     [
      6.2024134,
      43.0023501
     ]
    ]
   }
  },
  {
   "type": "Feature",
   "properties": {
    "osm_id": 1386054468,
    "nom": null,
    "type": "footway",
    "sac_scale": null,
    "surface": null,
    "acces": null,
    "velo": null
   },
   "geometry": {
    "type": "LineString",
    "coordinates": [
     [
      6.200749,
      43.0017481
     ],
     [
      6.2013905,
      43.00269
     ],
     [
      6.2014121,
      43.0027228
     ]
    ]
   }
  },
  {
   "type": "Feature",
   "properties": {
    "osm_id": 1386054469,
    "nom": null,
    "type": "footway",
    "sac_scale": null,
    "surface": "concrete",
    "acces": null,
    "velo": null
   },
   "geometry": {
    "type": "LineString",
    "coordinates": [
     [
      6.201483,
      43.0035213
     ],
     [
      6.2012854,
      43.0032463
     ]
    ]
   }
  },
  {
   "type": "Feature",
   "properties": {
    "osm_id": 1386054470,
    "nom": null,
    "type": "footway",
    "sac_scale": null,
    "surface": null,
    "acces": null,
    "velo": null
   },
   "geometry": {
    "type": "LineString",
    "coordinates": [
     [
      6.19931,
      43.0039887
     ],
     [
      6.1996803,
      43.0040243
     ],
     [
      6.1998815,
      43.0040444
     ],
     [
      6.2000319,
      43.0040511
     ],
     [
      6.2004812,
      43.0040726
     ],
     [
      6.2007576,
      43.0040704
     ],
     [
      6.2012068,
      43.0040042
     ],
     [
      6.2013644,
      43.0039671
     ],
     [
      6.2019833,
      43.0038036
     ],
     [
      6.2020728,
      43.003779
     ],
     [
      6.2024041,
      43.0036556
     ],
     [
      6.2027416,
      43.0035285
     ],
     [
      6.2031562,
      43.0033658
     ],
     [
      6.203424,
      43.0032448
     ]
    ]
   }
  },
  {
   "type": "Feature",
   "properties": {
    "osm_id": 1386054471,
    "nom": null,
    "type": "footway",
    "sac_scale": null,
    "surface": null,
    "acces": null,
    "velo": null
   },
   "geometry": {
    "type": "LineString",
    "coordinates": [
     [
      6.2031562,
      43.0033658
     ],
     [
      6.2031643,
      43.003374
     ]
    ]
   }
  },
  {
   "type": "Feature",
   "properties": {
    "osm_id": 1386054472,
    "nom": null,
    "type": "footway",
    "sac_scale": null,
    "surface": null,
    "acces": null,
    "velo": null
   },
   "geometry": {
    "type": "LineString",
    "coordinates": [
     [
      6.2027416,
      43.0035285
     ],
     [
      6.2027493,
      43.0035363
     ]
    ]
   }
  },
  {
   "type": "Feature",
   "properties": {
    "osm_id": 1386054473,
    "nom": null,
    "type": "footway",
    "sac_scale": null,
    "surface": null,
    "acces": null,
    "velo": null
   },
   "geometry": {
    "type": "LineString",
    "coordinates": [
     [
      6.2019833,
      43.0038036
     ],
     [
      6.2019871,
      43.0038139
     ]
    ]
   }
  },
  {
   "type": "Feature",
   "properties": {
    "osm_id": 1386054474,
    "nom": null,
    "type": "footway",
    "sac_scale": null,
    "surface": null,
    "acces": null,
    "velo": null
   },
   "geometry": {
    "type": "LineString",
    "coordinates": [
     [
      6.2013644,
      43.0039671
     ],
     [
      6.2013695,
      43.0039759
     ]
    ]
   }
  },
  {
   "type": "Feature",
   "properties": {
    "osm_id": 1386054475,
    "nom": null,
    "type": "footway",
    "sac_scale": null,
    "surface": null,
    "acces": null,
    "velo": null
   },
   "geometry": {
    "type": "LineString",
    "coordinates": [
     [
      6.2007576,
      43.0040704
     ],
     [
      6.2007573,
      43.0040786
     ]
    ]
   }
  },
  {
   "type": "Feature",
   "properties": {
    "osm_id": 1386054476,
    "nom": null,
    "type": "footway",
    "sac_scale": null,
    "surface": null,
    "acces": null,
    "velo": null
   },
   "geometry": {
    "type": "LineString",
    "coordinates": [
     [
      6.2000319,
      43.0040511
     ],
     [
      6.2000327,
      43.0040616
     ]
    ]
   }
  },
  {
   "type": "Feature",
   "properties": {
    "osm_id": 1386054477,
    "nom": null,
    "type": "footway",
    "sac_scale": null,
    "surface": null,
    "acces": null,
    "velo": null
   },
   "geometry": {
    "type": "LineString",
    "coordinates": [
     [
      6.1996803,
      43.0040243
     ],
     [
      6.1996776,
      43.0040347
     ]
    ]
   }
  },
  {
   "type": "Feature",
   "properties": {
    "osm_id": 1386054478,
    "nom": null,
    "type": "footway",
    "sac_scale": null,
    "surface": null,
    "acces": null,
    "velo": null
   },
   "geometry": {
    "type": "LineString",
    "coordinates": [
     [
      6.2007994,
      43.0029027
     ],
     [
      6.2013905,
      43.00269
     ],
     [
      6.2014976,
      43.0026514
     ],
     [
      6.2019559,
      43.0024807
     ],
     [
      6.2028092,
      43.0021628
     ]
    ]
   }
  },
  {
   "type": "Feature",
   "properties": {
    "osm_id": 1386073576,
    "nom": null,
    "type": "footway",
    "sac_scale": null,
    "surface": null,
    "acces": null,
    "velo": null
   },
   "geometry": {
    "type": "LineString",
    "coordinates": [
     [
      6.2487814,
      43.0113305
     ],
     [
      6.2488334,
      43.0112435
     ],
     [
      6.2488789,
      43.0111672
     ]
    ]
   }
  },
  {
   "type": "Feature",
   "properties": {
    "osm_id": 1391402297,
    "nom": null,
    "type": "steps",
    "sac_scale": null,
    "surface": null,
    "acces": "customers",
    "velo": null
   },
   "geometry": {
    "type": "LineString",
    "coordinates": [
     [
      6.1558445,
      43.0263377
     ],
     [
      6.1558698,
      43.0263556
     ]
    ]
   }
  },
  {
   "type": "Feature",
   "properties": {
    "osm_id": 1391402298,
    "nom": null,
    "type": "path",
    "sac_scale": null,
    "surface": null,
    "acces": "customers",
    "velo": null
   },
   "geometry": {
    "type": "LineString",
    "coordinates": [
     [
      6.1559024,
      43.026274
     ],
     [
      6.155838,
      43.0262369
     ],
     [
      6.155671,
      43.0262531
     ],
     [
      6.1556096,
      43.0262988
     ]
    ]
   }
  },
  {
   "type": "Feature",
   "properties": {
    "osm_id": 1391402299,
    "nom": null,
    "type": "path",
    "sac_scale": null,
    "surface": null,
    "acces": null,
    "velo": null
   },
   "geometry": {
    "type": "LineString",
    "coordinates": [
     [
      6.1557165,
      43.0264208
     ],
     [
      6.1557158,
      43.0264023
     ]
    ]
   }
  },
  {
   "type": "Feature",
   "properties": {
    "osm_id": 1391402300,
    "nom": null,
    "type": "path",
    "sac_scale": null,
    "surface": null,
    "acces": "customers",
    "velo": null
   },
   "geometry": {
    "type": "LineString",
    "coordinates": [
     [
      6.1558087,
      43.0264031
     ],
     [
      6.1557495,
      43.0264198
     ],
     [
      6.1557334,
      43.0264203
     ]
    ]
   }
  },
  {
   "type": "Feature",
   "properties": {
    "osm_id": 1391402301,
    "nom": null,
    "type": "path",
    "sac_scale": null,
    "surface": null,
    "acces": "customers",
    "velo": null
   },
   "geometry": {
    "type": "LineString",
    "coordinates": [
     [
      6.1558629,
      43.0263611
     ],
     [
      6.1558087,
      43.0264031
     ]
    ]
   }
  },
  {
   "type": "Feature",
   "properties": {
    "osm_id": 1391402302,
    "nom": null,
    "type": "path",
    "sac_scale": null,
    "surface": null,
    "acces": "customers",
    "velo": null
   },
   "geometry": {
    "type": "LineString",
    "coordinates": [
     [
      6.1558698,
      43.0263556
     ],
     [
      6.1558629,
      43.0263611
     ]
    ]
   }
  },
  {
   "type": "Feature",
   "properties": {
    "osm_id": 1391402303,
    "nom": null,
    "type": "path",
    "sac_scale": null,
    "surface": null,
    "acces": "customers",
    "velo": null
   },
   "geometry": {
    "type": "LineString",
    "coordinates": [
     [
      6.1559279,
      43.0262992
     ],
     [
      6.1559024,
      43.026274
     ],
     [
      6.1558351,
      43.0263311
     ],
     [
      6.1558445,
      43.0263377
     ]
    ]
   }
  },
  {
   "type": "Feature",
   "properties": {
    "osm_id": 1391402304,
    "nom": null,
    "type": "path",
    "sac_scale": null,
    "surface": null,
    "acces": "customers",
    "velo": null
   },
   "geometry": {
    "type": "LineString",
    "coordinates": [
     [
      6.1557495,
      43.0264198
     ],
     [
      6.1557468,
      43.026343
     ]
    ]
   }
  },
  {
   "type": "Feature",
   "properties": {
    "osm_id": 1391402305,
    "nom": null,
    "type": "path",
    "sac_scale": null,
    "surface": null,
    "acces": "customers",
    "velo": null
   },
   "geometry": {
    "type": "LineString",
    "coordinates": [
     [
      6.1558698,
      43.0263556
     ],
     [
      6.1558873,
      43.0263666
     ],
     [
      6.1559272,
      43.0263328
     ],
     [
      6.1559279,
      43.0262992
     ]
    ]
   }
  },
  {
   "type": "Feature",
   "properties": {
    "osm_id": 1391402306,
    "nom": null,
    "type": "path",
    "sac_scale": null,
    "surface": null,
    "acces": null,
    "velo": null
   },
   "geometry": {
    "type": "LineString",
    "coordinates": [
     [
      6.1557334,
      43.0264203
     ],
     [
      6.1557165,
      43.0264208
     ],
     [
      6.1556536,
      43.0264306
     ],
     [
      6.1555503,
      43.0265021
     ],
     [
      6.1555333,
      43.0265292
     ]
    ]
   }
  },
  {
   "type": "Feature",
   "properties": {
    "osm_id": 1417207400,
    "nom": null,
    "type": "footway",
    "sac_scale": null,
    "surface": null,
    "acces": null,
    "velo": null
   },
   "geometry": {
    "type": "LineString",
    "coordinates": [
     [
      6.2037884,
      43.0002447
     ],
     [
      6.2041101,
      43.0001497
     ],
     [
      6.2041852,
      43.0001811
     ],
     [
      6.2042228,
      43.0002635
     ],
     [
      6.2041745,
      43.0003165
     ],
     [
      6.2040055,
      43.0003821
     ],
     [
      6.2040055,
      43.0003812
     ],
     [
      6.2038851,
      43.000419
     ]
    ]
   }
  },
  {
   "type": "Feature",
   "properties": {
    "osm_id": 1417208568,
    "nom": null,
    "type": "steps",
    "sac_scale": null,
    "surface": "concrete",
    "acces": "yes",
    "velo": null
   },
   "geometry": {
    "type": "LineString",
    "coordinates": [
     [
      6.2038371,
      43.0003325
     ],
     [
      6.2038108,
      43.0003418
     ]
    ]
   }
  },
  {
   "type": "Feature",
   "properties": {
    "osm_id": 1427596010,
    "nom": null,
    "type": "path",
    "sac_scale": null,
    "surface": null,
    "acces": null,
    "velo": null
   },
   "geometry": {
    "type": "LineString",
    "coordinates": [
     [
      6.2077326,
      43.0008459
     ],
     [
      6.207789,
      43.0010537
     ],
     [
      6.2077693,
      43.0011609
     ]
    ]
   }
  },
  {
   "type": "Feature",
   "properties": {
    "osm_id": 1427596011,
    "nom": null,
    "type": "path",
    "sac_scale": null,
    "surface": null,
    "acces": null,
    "velo": null
   },
   "geometry": {
    "type": "LineString",
    "coordinates": [
     [
      6.2081231,
      42.9979391
     ],
     [
      6.2084867,
      42.9979352
     ]
    ]
   }
  },
  {
   "type": "Feature",
   "properties": {
    "osm_id": 1443340842,
    "nom": null,
    "type": "track",
    "sac_scale": null,
    "surface": null,
    "acces": null,
    "velo": null
   },
   "geometry": {
    "type": "LineString",
    "coordinates": [
     [
      6.2324309,
      43.0088843
     ],
     [
      6.2325994,
      43.008931
     ],
     [
      6.2328073,
      43.0089505
     ],
     [
      6.2333669,
      43.009127
     ],
     [
      6.233765,
      43.0091456
     ],
     [
      6.2351838,
      43.0091741
     ],
     [
      6.2357363,
      43.0091564
     ],
     [
      6.2363999,
      43.0091936
     ],
     [
      6.2375858,
      43.0092107
     ]
    ]
   }
  },
  {
   "type": "Feature",
   "properties": {
    "osm_id": 1443580133,
    "nom": null,
    "type": "path",
    "sac_scale": "mountain_hiking",
    "surface": null,
    "acces": null,
    "velo": null
   },
   "geometry": {
    "type": "LineString",
    "coordinates": [
     [
      6.240503,
      43.0183949
     ],
     [
      6.2403429,
      43.0184655
     ],
     [
      6.2401766,
      43.0185165
     ],
     [
      6.2400425,
      43.018642
     ],
     [
      6.2395485,
      43.0190744
     ],
     [
      6.2389155,
      43.0196706
     ],
     [
      6.2387228,
      43.0198775
     ],
     [
      6.2386883,
      43.0198975
     ],
     [
      6.2385995,
      43.0199128
     ]
    ]
   }
  },
  {
   "type": "Feature",
   "properties": {
    "osm_id": 1483952438,
    "nom": null,
    "type": "path",
    "sac_scale": "mountain_hiking",
    "surface": null,
    "acces": null,
    "velo": null
   },
   "geometry": {
    "type": "LineString",
    "coordinates": [
     [
      6.1970717,
      42.985144
     ],
     [
      6.1970985,
      42.9852371
     ]
    ]
   }
  },
  {
   "type": "Feature",
   "properties": {
    "osm_id": 1498877796,
    "nom": "Chemin du Cap des Mèdes",
    "type": "track",
    "sac_scale": null,
    "surface": null,
    "acces": null,
    "velo": null
   },
   "geometry": {
    "type": "LineString",
    "coordinates": [
     [
      6.2375695,
      43.0160897
     ],
     [
      6.237552,
      43.0161428
     ],
     [
      6.2374658,
      43.0164039
     ],
     [
      6.2374139,
      43.0168261
     ],
     [
      6.237321,
      43.0171746
     ],
     [
      6.2373915,
      43.0174415
     ],
     [
      6.2374792,
      43.0177837
     ],
     [
      6.2374673,
      43.018023
     ],
     [
      6.2373836,
      43.0181752
     ],
     [
      6.2373541,
      43.0184105
     ],
     [
      6.2373847,
      43.0184959
     ],
     [
      6.237456,
      43.0185635
     ],
     [
      6.2375712,
      43.0186186
     ],
     [
      6.2378315,
      43.0186733
     ],
     [
      6.2384484,
      43.0187086
     ],
     [
      6.2387227,
      43.0186596
     ],
     [
      6.2388432,
      43.0186644
     ]
    ]
   }
  }
 ]
}